1,Hold On,22-20s,sad,2004,Rock,https://www.youtube.com/watch?v=Wril9XrH7DU
2,It's Not Me,3 Doors Down,sad,2003,Rock,https://www.youtube.com/watch?v=oKTXeC8s49Y
3,Sarah Yellin',3 Doors Down,sad,2002,Rock,https://www.youtube.com/watch?v=Zd8C_5ZXyzo
4,Be Like That,3 Doors Down,sad,1999,Rock,https://www.youtube.com/watch?v=HHpMtWtgUvc
5,Here Without You,3 Doors Down,sad,2002,Rock,https://www.youtube.com/watch?v=kPBzTxZQG5Q
6,Better Life,3 Doors Down,sad,2007,Rock,https://www.youtube.com/watch?v=QmnrJGldOKo
7,Night of the Hunter (Static Revenger Remix),30 Seconds To Mars,sad,2009,Rock,https://www.youtube.com/watch?v=zK268TLKCK4
8,Hunter,30 Seconds To Mars,sad,2005,Rock,https://www.youtube.com/watch?v=8bdiJk3yU-E
9,End Of The Beginning,30 Seconds To Mars,sad,2002,Rock,https://www.youtube.com/watch?v=4w2ZNusRRAM
10,CHOKECHAIN (Amended Album Version),3OH!3,sad,2008,Electronica,https://www.youtube.com/watch?v=3W4G_brBiIY
11,A Part Of Me,40 Grit,sad,2003,Rock,https://www.youtube.com/watch?v=eF0THf9Dd-A
12,Party Time,45 Grave,happy,1989,Rock,https://www.youtube.com/watch?v=xr9KRAMydf0
13,He Never Changes,4Him,happy,1991,Christian,https://www.youtube.com/watch?v=XI7PSVDOevU
14,Strange Way To Save The World,4Him,happy,2000,Christian,https://www.youtube.com/watch?v=fEN3wNWM1eE
15,Rattlesnake!,A Static Lullaby,sad,2008,Rock,https://www.youtube.com/watch?v=gMAidCNDJaM
16,God Bless You (Goddamn it),A Static Lullaby,sad,2005,Rock,Unavailable
17,Scenario,A Tribe Called Quest,happy,1991,Hip Hop/Rap,https://www.youtube.com/watch?v=hpRyTaTw3Sg
18,Compulsory Resurrection,Abysmal Dawn,sad,2008,Rock,https://www.youtube.com/watch?v=kFPUZ8crldo
19,Something Girls,Adam Ant,happy,1982,Rock,https://www.youtube.com/watch?v=dISqPMADs00
20,Friend Or Foe,Adam Ant,happy,1982,Rock,https://www.youtube.com/watch?v=4IP-2Ck-wak
21,Mohair Locker Room Pin-Up Boys,Adam Ant,happy,1998,Rock,https://www.youtube.com/watch?v=wq0F47ECWcc
22,Lord Of The Thighs,Aerosmith,happy,1974,Rock,https://www.youtube.com/watch?v=zNu0VIoY9nY
23,Angel,Aerosmith,sad,1987,Rock,https://www.youtube.com/watch?v=CBTOGVb_cQg
24,I Need You Now,Agnes,sad,2009,Pop,http://www.youtube.com/watch?v=E-uUwQf2cZE
25,Undertow,Agnostic Front,sad,1992,Rock,https://www.youtube.com/watch?v=oOCVCQ5ugpY
26,Black Market Hell,Aiden,sad,2009,Rock,https://www.youtube.com/watch?v=KYYTNIl7hWU
27,Don't Matter,Akon,happy,2006,Hip Hop/Rap,https://www.youtube.com/watch?v=JWA5hJl4Dv0
28,Lonely,Akon,sad,2004,Hip Hop/Rap,https://www.youtube.com/watch?v=6EEW-9NDM5k
29,Love Is Taking Hold,Al Denson,happy,1971,Christian,??
30,Rain Love,Al Denson,happy,1999,Christian,??
31,Standing In The Darkness,Alias,happy,1990,Rock,https://www.youtube.com/watch?v=hEb0bRErgwI
32,Lesson Learned,Alice In Chains,sad,2009,Rock,https://www.youtube.com/watch?v=0wS_d8hqUJ8
33,Brother,Alice In Chains,happy,1992,Rock,https://www.youtube.com/watch?v=BXvxiaazEAQ
34,Sickman,Alice In Chains,sad,1992,Rock,https://www.youtube.com/watch?v=ZCCxTCkLRi4
35,I Know Somethin (Bout You),Alice In Chains,sad,1990,Rock,https://www.youtube.com/watch?v=_zTBPxQ_GOA
36,Heartburn,Alicia Keys,happy,2003,R&B,https://www.youtube.com/watch?v=Fb1gwvPG2Q4
37,If I Was Your Woman,Alicia Keys,sad,2005,R&B,https://www.youtube.com/watch?v=W2chtAvWZcc
38,Karma,Alicia Keys,sad,2003,R&B,https://www.youtube.com/watch?v=EUMC_raxpSc
39,Shameless,All Time Low,happy,2007,Pop,https://www.youtube.com/watch?v=VicpLNKQlJY
40,Anyday,Amil,sad,2000,Hip Hop/Rap,https://www.youtube.com/watch?v=ZoV9jrv_XW8
41,Get Down,Amil,happy,2000,Hip Hop/Rap,??
42,The Last Round,Amoral,sad,2004,Rock,https://www.youtube.com/watch?v=6wFa7d9-COY
43,Misery Path (From the Privilege of Evil),Amorphis,sad,1992,Rock,https://www.youtube.com/watch?v=gFLiJnXsmIQ
44,Crimson Wave,Amorphis,sad,2001,Rock,https://www.youtube.com/watch?v=af5cf7-Y2IM
45,Into Hiding,Amorphis,sad,1994,Rock,https://www.youtube.com/watch?v=ugUXDwBswWI
46,Stronger Than Me,Amy Winehouse,happy,2003,R&B,https://www.youtube.com/watch?v=7CYE0DYIbaw
47,Valerie,Amy Winehouse,sad,2007,R&B,https://www.youtube.com/watch?v=d_EADBnXjXc
48,So deep,Ann Lee,sad,2000,Pop,https://www.youtube.com/watch?v=vEOfQNIh8ew
49,A Whiter Shade Of Pale,Annie Lennox,happy,1995,Pop,https://www.youtube.com/watch?v=CJIVz9nYx7I
50,Little Bird,Annie Lennox,happy,1992,Pop,https://www.youtube.com/watch?v=pjbNLVQ_Iwk
51,This Is NOT a Crass Song,Anti-Flag,happy,1999,Rock,https://www.youtube.com/watch?v=Rtj8xRxFFTY
52,On Independence Day,Anti-Flag,sad,2009,Rock,https://www.youtube.com/watch?v=h6DBVKjsDmk
53,Say Hello,April Wine,happy,1979,Rock,https://www.youtube.com/watch?v=QJ0Kv-BOglQ
54,Babes In Arms,April Wine,sad,1979,Rock,https://www.youtube.com/watch?v=La-VAGzvDdI
55,Sent By Angels,Arc Angels,happy,1992,Blues,https://www.youtube.com/watch?v=i4x1kxXz6os
56,Heart it Races (Frank Tetaz Remix),Architecture In Helsinki,happy,2007,Pop,https://www.youtube.com/watch?v=KDhOqpHimEI
57,Fake Tales Of San Francisco,Arctic Monkeys,sad,2004,Rock,https://www.youtube.com/watch?v=Pr8JAVrnAeI
58,Old Memory,Ashton Shepherd,sad,2008,Country,https://www.youtube.com/watch?v=uab1z_urCaE
59,The Letter That Johnny Walker Read,Asleep At The Wheel,sad,2002,Country,https://www.youtube.com/watch?v=Ua_oYGxXi4k
60,Your Recipe,Aswad,happy,1982,Reggae,https://www.youtube.com/watch?v=UthTvT3Ye-0
61,Ina Your Rights,Aswad,sad,1981,Reggae,??
62,Destroy 2000 Years Of Culture,Atari Teenage Riot,sad,1997,Electronica,https://www.youtube.com/watch?v=bivsP_h6l0s
63,Revolution Action,Atari Teenage Riot,happy,1999,Electronica,https://www.youtube.com/watch?v=i8JBUktSxvQ
64,Believe In Me (Clubb Mix),ATB,happy,2005,Electronica,https://www.youtube.com/watch?v=LhmoIb_mNjU
65,Whitfield,Atomship,sad,2004,Rock,https://www.youtube.com/watch?v=IJzKUjZ3N3w
66,Shameful (LP Version),Atreyu,sad,2006,Rock,https://www.youtube.com/watch?v=Q7bg-WecN9U
67,Some Kind Of Zombie (Criscoteque Remix),Audio Adrenaline,sad,1997,Christian,https://www.youtube.com/watch?v=-aVYWMk7tmE
68,Her Golden Robe In Silence Veiled,Autumnblaze,sad,1999,Rock,https://www.youtube.com/watch?v=BJ3rfQYTIfY
69,Innocence,Avril Lavigne,happy,2007,Pop,https://www.youtube.com/watch?v=8xoG0Xv3vs0
70,How Does It Feel,Avril Lavigne,sad,2004,Pop,https://www.youtube.com/watch?v=WVuK_Ly0kYc
71,Down On My Knees,Ayo,sad,2006,Reggae,https://www.youtube.com/watch?v=NZOJsIlAgpE
72,Dancer (2007 Digital Remaster),Babe Ruth,happy,1975,Rock,https://www.youtube.com/watch?v=ToL46tPzpwY
73,Let Me Be Your Fantasy,Baby D,happy,2002,Electronica,https://www.youtube.com/watch?v=f17b8m5fniU
74,Heavy On My Mind (Album Version),Back Door Slam,sad,2007,Blues,https://www.youtube.com/watch?v=gk1CTFnR3hA
75,Larger Than Life,Backstreet Boys,happy,1999,Pop,https://www.youtube.com/watch?v=1jkH7An7dKk
76,Shape Of My Heart,Backstreet Boys,happy,2000,Pop,https://www.youtube.com/watch?v=OT5msu-dap8
77,Destroy Babylon,Bad Brains,sad,1983,Rock,https://www.youtube.com/watch?v=hLq-9yJwcQA
78,Valerie (LP Version),Bad Company,happy,1986,Rock,https://www.youtube.com/watch?v=LFZSqjuAhDM
79,Simple Man,Bad Company,sad,1976,Rock,https://www.youtube.com/watch?v=SuSuRk5DMJU
80,Call On Me,Bad Company,happy,1975,Rock,https://www.youtube.com/watch?v=1mPIhLg3KT4
81,Crazy Circles,Bad Company,happy,1979,Rock,https://www.youtube.com/watch?v=Cr00FBpNqSQ
82,Doing Time (Album Version),Bad Religion,sad,1982,Rock,https://www.youtube.com/watch?v=TzGVbxeze_M
83,The Lie,Bad Religion,sad,2002,Rock,https://www.youtube.com/watch?v=60MeBJKvQnI
84,Infected,Bad Religion,sad,1994,Rock,https://www.youtube.com/watch?v=x40nZkkP8vw
85,The Sweetest Curse,Baroness,sad,2009,Rock,https://www.youtube.com/watch?v=zigzUqP1fM4
86,Come Monday,Barry Manilow,happy,2001,Pop,??
87,This One's For You,Barry Manilow,sad,1976,Pop,https://www.youtube.com/watch?v=wLeNzA1OIcM
88,Feelings Gone (feat. Sam Sparro) (Joachim Garraud Remix),Basement Jaxx,sad,2009,Electronica,https://www.youtube.com/watch?v=1iG5d60X8a8
89,Monster For Music,Beatnuts,sad,1999,Hip Hop/Rap,https://www.youtube.com/watch?v=Zwpmgj9e0IU
90,Sunday,Bebo Norman,sad,2006,Christian,https://www.youtube.com/watch?v=JpY6pnNv7-A
91,He Who Breeds Pestilence,Behemoth,sad,2009,Rock,https://www.youtube.com/watch?v=Zl2sqMDZi3A
92,Malice,Behemoth,sad,2000,Rock,https://www.youtube.com/watch?v=m-bXzRdHYPg
93,Rumour (Abstract Hip Hop Mix),bel canto,happy,1996,Pop,https://www.youtube.com/watch?v=VWLyIhgJzqM
94,I Could Be Dreaming,Belle and Sebastian,happy,1996,Pop,https://www.youtube.com/watch?v=7xH-NyBij_c
95,The Sukkubus Lustrate,Belphegor,sad,2008,Rock,https://www.youtube.com/watch?v=pSIbAZ6Y2JQ
96,Come On (Sessions@AOL Version),Ben Jelen,sad,2004,Pop,https://www.youtube.com/watch?v=r0yZKTdqiH4
97,Blink Of An Eye (Alternative),Berlin,happy,2002,Pop,https://www.youtube.com/watch?v=cgRtKZVSICs
98,Chicago Bound Blues,Bessie Smith,sad,1991,Blues,https://www.youtube.com/watch?v=4P3az_ydPTE
99,Ring The Alarm,Beyoncé,sad,2006,Pop,https://www.youtube.com/watch?v=eY_mrU8MPfI
100,Single Ladies (Put A Ring On It),Beyoncé,happy,2008,Pop,https://www.youtube.com/watch?v=4m1EFMoRFvY
101,Ring The Alarm,Beyoncé,happy,2006,Pop,https://www.youtube.com/watch?v=eY_mrU8MPfI
102,Falling Bombs,BigElf,sad,2003,Rock,??
103,Superstar,BigElf,happy,2008,Rock,https://www.youtube.com/watch?v=TTpMDsfXxos
104,It Makes No Difference Now,Billie Jo Spears,sad,1992,Country,https://www.youtube.com/watch?v=Bv4uybLLdzw
105,What I've Got In Mind,Billie Jo Spears,happy,1976,Country,https://www.youtube.com/watch?v=81UIGdWeVKA
106,Misty Blue,Billie Jo Spears,sad,1976,Country,https://www.youtube.com/watch?v=7oMviQxKvjI
107,57 Chevrolet,Billie Jo Spears,happy,1990,Country,https://www.youtube.com/watch?v=subNOl2wWCc
108,Let's Get It Started,Black Eyed Peas,happy,2004,Hip Hop/Rap,https://www.youtube.com/watch?v=IKqV7DB8Iwg
109,Tell Your Momma Come,Black Eyed Peas,happy,2000,Hip Hop/Rap,https://www.youtube.com/watch?v=7vOp0d4jFpw
110,Jealous Again,Black Flag,sad,1980,Rock,https://www.youtube.com/watch?v=_A0dLcWzUCo
111,Out Of This World,Black Flag,sad,1985,Rock,https://www.youtube.com/watch?v=bUPJXsRvPhI
112,Rock the Spot,Blackalicious,happy,1999,Hip Hop/Rap,https://www.youtube.com/watch?v=7nZhGxZU6m4
113,World Of Vibrations (Album Version),Blackalicious,happy,2005,Hip Hop/Rap,https://www.youtube.com/watch?v=OGsZXnUGfsQ
114,Heart's Grown Cold (LP Version),Blackfoot,happy,1983,Rock,https://www.youtube.com/watch?v=gYirl7SUQFo
115,If I Had My Way I'd Tear This Building Down,Blind Willie Johnson,happy,1996,Blues,https://www.youtube.com/watch?v=ibpVbp0X4kU
116,John the Revelator,Blind Willie Johnson,sad,1991,Blues,https://www.youtube.com/watch?v=0Ek4G1TCU4E
117,A New Hope,Blink-182,happy,1997,Rock,https://www.youtube.com/watch?v=2P1_UqACV7s
118,All Of This,Blink-182,sad,2003,Rock,https://www.youtube.com/watch?v=-ksMn1G_Uxc
119,One More Chance,Bloc Party,sad,2009,Rock,https://www.youtube.com/watch?v=FOm5z2KIDJg
120,Zephyrus,Bloc Party,sad,2008,Rock,https://www.youtube.com/watch?v=ECH_7qYcfvc
121,My Never,Blue October,sad,2009,Rock,https://www.youtube.com/watch?v=1OXS_nBExms
122,Floating,Blue Rodeo,sad,1987,Country,??
123,Mystic River,Blue Rodeo,happy,2007,Country,https://www.youtube.com/watch?v=duIwchsqJZw
124,Fools Like You,Blue Rodeo,sad,1992,Country,https://www.youtube.com/watch?v=-uvN7c6V-fs
125,Man Of No Reputation,Bob Carlisle,sad,1994,Christian,https://www.youtube.com/watch?v=3Yq9_Qvqni4
126,Trying To Get To Heaven,Bob Dylan,sad,1997,Blues,https://www.youtube.com/watch?v=YmtV9n8NObI
127,Small Axe,Bob Marley,happy,1999,Reggae,https://www.youtube.com/watch?v=ia6Tvpj6dPw&noredirect=1
128,Lively Up Yourself,Bob Marley,happy,1991,Reggae,https://www.youtube.com/watch?v=oyFmNPoDbDU
129,Smile Jamaica,Bob Marley & The Wailers,sad,1992,Reggae,https://www.youtube.com/watch?v=agmpX-GxqNs
130,Three Little Birds,Bob Marley & The Wailers,happy,2007,Reggae,https://www.youtube.com/watch?v=n4SO7z010JE
131,Bubbles in My Beer,Bob Wills,happy,1991,Pop,https://www.youtube.com/watch?v=5pdGl9q1LxY
132,The Distance,Bon Jovi,happy,2002,Rock,https://www.youtube.com/watch?v=XTXaAY9Rw8A
133,Only Lonely,Bon Jovi,sad,1985,Rock,https://www.youtube.com/watch?v=tfIu7hf5nqc
134,Murder One,Bone Thugs-N-Harmony,sad,2000,Hip Hop/Rap,https://www.youtube.com/watch?v=vJkwcvejhXs
135,Servin' Tha Fiends,Bone Thugs-N-Harmony,sad,2000,Hip Hop/Rap,https://www.youtube.com/watch?v=ArRMb3NAN2Q
136,2 Glocks,Bone Thugs-N-Harmony,sad,2000,Hip Hop/Rap,https://www.youtube.com/watch?v=2NGKtFYRjt4
137,On Bended Knee,Boyz II Men,sad,1994,R&B,https://www.youtube.com/watch?v=jSUSFow70no
138,Sensations,Bravehearts,happy,2003,Hip Hop/Rap,https://www.youtube.com/watch?v=3nSnNd0Fvos
139,Wish,Brian Littrell,sad,2006,Pop,https://www.youtube.com/watch?v=VmacF-VZrqk
140,Don't Go Knockin' On My Door,Britney Spears,happy,2000,Pop,https://www.youtube.com/watch?v=KbsFfNB6Qv8
141,Everytime,Britney Spears,sad,2003,Pop,https://www.youtube.com/watch?v=8YzabSdk7ZA
142,My Prerogative,Britney Spears,sad,2004,Pop,https://www.youtube.com/watch?v=dIOH8Trfas4
143,3,Britney Spears,happy,2009,Pop,https://www.youtube.com/watch?v=oTs6oQx1WJY
144,Hanging On (Medium Key Performance Track Without Background Vocals),Britt Nicole,happy,2009,Christian,https://www.youtube.com/watch?v=nJiE5rkch_s
145,Don't Worry Now (Performance Track In Key Of Db Without Background Vocals),Britt Nicole,sad,2007,Christian,https://www.youtube.com/watch?v=FIU_rfoW77U
146,Set The World On Fire,Britt Nicole,happy,2007,Christian,https://www.youtube.com/watch?v=5tTwIGypT10
147,Schitzo,brokeNCYDE,sad,2008,Electronica,https://www.youtube.com/watch?v=Z3TZ9VW_dqk
148,Taste Of Dis (Explicit Version),Brooke Valentine,happy,2005,Pop,https://www.youtube.com/watch?v=klkGYQbyC6o
149,American Girl,Brooke Valentine,happy,2005,Pop,https://www.youtube.com/watch?v=_ROdq3C4Um0
150,Hold Up My Heart,Brooke White,happy,2009,Pop,https://www.youtube.com/watch?v=dlZNr10yJAA
151,Rosalita (Come Out Tonight),Bruce Springsteen,happy,1973,Rock,https://www.youtube.com/watch?v=XXWVSussrt0
152,Wildcat Days (1999 Digital Remaster),Bryan Ferry,sad,1994,Pop,https://www.youtube.com/watch?v=yZZJmA5HCxo
153,Love Happens Just Like That (LP Version),Bryan White,happy,1999,Country,??
154,Knowledge Of Self (Evol Intent Remix),BT,sad,2004,Electronica,https://www.youtube.com/watch?v=eREEPapdC74
155,Sweet Southern Comfort,Buddy Jewell,happy,2003,Country,https://www.youtube.com/watch?v=f0mBFiqv76I
156,Sleepy Man Blues,Bukka White,sad,1940,Blues,https://www.youtube.com/watch?v=RpowA3seBEg
157,Suffocating Under Words Of Sorrow (What Can I Do),Bullet For My Valentine,sad,2005,Rock,https://www.youtube.com/watch?v=p5zM3JsS9bk
158,Abnormal (Acoustic),Bumblefoot,sad,2008,Rock,https://www.youtube.com/watch?v=9rxJ7-FTJCs
159,Piranha,Bumblefoot,happy,2008,Rock,https://www.youtube.com/watch?v=WUUjMbFF6Pc
160,Tumble Down,Burning Spear,sad,1991,Reggae,https://www.youtube.com/watch?v=BbTbYKYMeWg
161,Closed Eyes,Bury Your Dead,sad,2009,Rock,https://www.youtube.com/watch?v=b1-4bIQ4CIE
162,Genesis,Busta Rhymes,sad,2001,Hip Hop/Rap,https://www.youtube.com/watch?v=0vFh_yRhEQ0
163,When Disaster Strikes (Explicit LP Version),Busta Rhymes,sad,1997,Hip Hop/Rap,https://www.youtube.com/watch?v=RW3jrotyx7A
164,Strange Thing,Buzzcocks,happy,1980,Pop,https://www.youtube.com/watch?v=Yh8tsE8kBdg
165,Get On Our Own,Buzzcocks,happy,1978,Pop,https://www.youtube.com/watch?v=gg-n_ew-sjE
166,Sparkle,Camp Lo,sad,1997,Hip Hop/Rap,https://www.youtube.com/watch?v=bWgU5vpUOTI
167,Sabotage,Cancer Bats,sad,2010,Rock,https://www.youtube.com/watch?v=QrlPuveLAAw
168,Am I That Easy To Forget,Carl Belew,sad,1959,Country,https://www.youtube.com/watch?v=KGA2LswCXXE
169,Loose Talk,Carl Smith,happy,1990,Country,https://www.youtube.com/watch?v=dkaKwat_B1E
170,Happy,Carolyn Arends,happy,1999,Christian,??
171,An Old Fashioned Christmas,Carpenters,sad,1992,Pop,https://www.youtube.com/watch?v=rS2cdmToNGw
172,Nashville Parthenon,Casiotone For The Painfully Alone,sad,2006,Electronica,https://www.youtube.com/watch?v=aB0QEeLcWMs
173,Rice Dream Girl,Casiotone For The Painfully Alone,sad,1999,Electronica,https://www.youtube.com/watch?v=NoEUXcNoQqI
174,Dying Batteries,Casiotone For The Painfully Alone,sad,2001,Electronica,https://www.youtube.com/watch?v=4fohUXjO5Mg
175,White Jetta,Casiotone For The Painfully Alone,sad,2009,Electronica,https://www.youtube.com/watch?v=FLNujNUCYds
176,Attic Room,Casiotone For The Painfully Alone,sad,2003,Electronica,??
177,I Didn't Mean To,Casual,sad,1994,Hip Hop/Rap,https://www.youtube.com/watch?v=svGt7XeBwkw
178,Shooting Stars,Cauterize,sad,2003,Pop,https://www.youtube.com/watch?v=RzfNYjVeoWg
179,Come On Back Home,Cece Winans,sad,1998,R&B,https://www.youtube.com/watch?v=A5VTWW93y9s
180,The Reason I Go On,Céline Dion,happy,2007,Pop,https://www.youtube.com/watch?v=4oj_sqD8Msk
181,Lobotomy,Chaotica,sad,1999,Rock,https://www.youtube.com/watch?v=XWHW9ouNPqc
182,Turbocharger,Chaotica,sad,2000,Rock,https://www.youtube.com/watch?v=pXJ0RTugK-s
183,Tel Que Tu Es,Charlotte Gainsbourg,sad,2006,Pop,https://www.youtube.com/watch?v=juUDSqtVxwk
184,IRM,Charlotte Gainsbourg,sad,2009,Pop,https://www.youtube.com/watch?v=N7KxvSwmzkY
185,The Flame,Chimaira,sad,2007,Rock,https://www.youtube.com/watch?v=zCVU8zf7y20
186,Severed (demo) (Album Version),Chimaira,sad,2001,Rock,https://www.youtube.com/watch?v=QrNAbyn41UY
187,Army Of Me (Album Version),Chimaira,sad,2003,Rock,https://www.youtube.com/watch?v=K3EWNyxPUEo
188,Forever,Chris Brown,happy,2008,R&B,https://www.youtube.com/watch?v=5sMKX22BHeE
189,So Glad,Chris Brown,happy,2005,R&B,https://www.youtube.com/watch?v=7L-R6IEX69c
190,I Love U,Chris Brown,happy,2009,R&B,https://www.youtube.com/watch?v=OiIf0zzZr48
191,Driving Home For Christmas,Chris Rea,happy,1986,Pop,https://www.youtube.com/watch?v=EvDxSW8mzvU
192,Walk Away,Christina Aguilera,sad,2002,Pop,https://www.youtube.com/watch?v=AdFrySjo_Ks
193,If We Loved,Chuck Wicks,sad,2008,Country,https://www.youtube.com/watch?v=2RzYQc1rFIM
194,I Will Be Free (LP Version),Cindy Morgan,sad,2007,Christian,https://www.youtube.com/watch?v=7LJ3zpdrJWc
195,Paid Vacation,Circle Jerks,sad,1980,Rock,https://www.youtube.com/watch?v=4qRJ028ZpRg
196,Question Authority,Circle Jerks,sad,1982,Rock,https://www.youtube.com/watch?v=VFsK6KHxvKk
197,What Would You Do?,City High,sad,2001,Hip Hop/Rap,https://www.youtube.com/watch?v=LahcSFleKm8
198,Oi! Oi! Oi!,Cockney Rejects,happy,1997,Rock,https://www.youtube.com/watch?v=XWLU76o5rEI
199,Speed Of Sound (Live),Coldplay,sad,2005,Rock,https://www.youtube.com/watch?v=sd7EsTAdx38
200,The World Turned Upside Down,Coldplay,sad,2005,Rock,https://www.youtube.com/watch?v=C_lR5B2cisQ
201,Sending A Message,Colin James,happy,2003,Blues,??
202,Embraceable You (LP Version from 'When The Boys Meet The Girls'),Connie Francis,happy,1965,Pop,https://www.youtube.com/watch?v=HAblzFZ1QNo
203,I'll Come Running,Connie Smith,happy,2001,Country,https://www.youtube.com/watch?v=o4MzSUqMeok
204,Don't Wanna Be Here (Album Version),Cool For August,sad,1997,Rock,https://www.youtube.com/watch?v=XFpkggBQpO4&list=PLTXoi_kY--jg1GOY-nQDytqOUDoIl3xQ0
205,Coven In Charing Cross,Coven,sad,1969,Rock,https://www.youtube.com/watch?v=bioDjGRCccs
206,Disconnected,Cowboy Mouth,happy,2003,Rock,https://www.youtube.com/watch?v=sOnMH9ko6EI
207,Jenny Says,Cowboy Mouth,sad,1996,Rock,https://www.youtube.com/watch?v=NEfpoUuKFOY
208,Go Back,Crabby Appleton,sad,1970,Rock,https://www.youtube.com/watch?v=CEn6UGDmT6U
209,Shake Some Action,Cracker,happy,1995,Rock,https://www.youtube.com/watch?v=KYtqp9f51Uo
210,Summer Dying Fast,Cradle Of Filth,sad,1994,Rock,https://www.youtube.com/watch?v=WFqSqLOu9Fw
211,Proud mary,Creedence Clearwater Revisited,happy,1998,Rock,https://www.youtube.com/watch?v=OLNQjUW2wJc
212,Have You Ever Seen The Rain,Creedence Clearwater Revived,happy,1971,Rock,https://www.youtube.com/watch?v=Gu2pVPWGYMQ
213,Superfly (Single Mix Version),Curtis Mayfield,sad,2005,R&B,https://www.youtube.com/watch?v=rwtTsVOJfhc
214,From The Blind (LP Version),Daath,sad,2006,Rock,https://www.youtube.com/watch?v=nPebSDC02mM
215,Above Lucium (LP Version),Daath,sad,2006,Rock,https://www.youtube.com/watch?v=bycPbNNXwfY
216,High Horse,Daniel Johnston,sad,2009,Pop,https://www.youtube.com/watch?v=yg3_vQlxG48
217,When the Broken Hearted Love Again,Danielle Bollinger,happy,2006,Electronica,https://www.youtube.com/watch?v=ztc6HFY7Ahc
218,The Second Summer Of Love,Danny Wilson,happy,1989,Pop,https://www.youtube.com/watch?v=HJxIblwPKJE
219,Perfect Moment,Darden Smith,happy,2002,Country,https://www.youtube.com/watch?v=yygzL_49rz0
220,Evenfall,Dark Fortress,sad,2010,Rock,https://www.youtube.com/watch?v=Eqq6deZ_PRo
221,Ghastly Indoctrination,Dark Fortress,sad,2006,Rock,https://www.youtube.com/watch?v=KDoZ7vIuz1c
222,Free (Album Version),Dark new Day,sad,2005,Rock,https://www.youtube.com/watch?v=qpSwqN8k6ZM
223,Where You Think You're Goin'?,Darryl Worley,sad,2002,Country,https://www.youtube.com/watch?v=J0Z_Hmd-xeM
224,You Are God (Broken Album Version),Darwin Hobbs,happy,2003,Christian,https://www.youtube.com/watch?v=T4rH1xbmCI8&list=PLIeRRviu1HMk-2a4Xb39Jmex9sxm0LJgB
225,Tell Me Why,Dave Hollister,sad,2006,R&B,https://www.youtube.com/watch?v=w3fCcsYgcUE
226,Bad When U Broke,Dave Hollister,sad,2010,R&B,https://www.youtube.com/watch?v=QyrRMh44Ioo
227,I'm Wrong,Dave Hollister,sad,2006,R&B,https://www.youtube.com/watch?v=k3g265ZV7c8
228,Space Oddity (1997 Digital Remaster),David Bowie,happy,1969,Rock,https://www.youtube.com/watch?v=KRWxsygsuFI
229,One King (Album Version),David Phelps,sad,2007,Christian,https://www.youtube.com/watch?v=wb1Uof_gWF0
230,Radiation Blues,Dax Riggs,sad,2007,Rock,https://www.youtube.com/watch?v=MOIYtYm7UD0
231,Be Healthy,Dead Prez,happy,2000,Hip Hop/Rap,https://www.youtube.com/watch?v=0yw5Mf9RlW0&spfreload=1
232,Pennies From Heaven,Dean Martin,sad,1997,Pop,https://www.youtube.com/watch?v=SnIvEHmxH0A
233,Romantic Rights,Death From Above 1979,happy,2004,Rock,https://www.youtube.com/watch?v=2Ia3baO8qHQ
234,Romantic Rights (Jesper Dahlback Remix),Death From Above 1979,happy,2004,Rock,https://www.youtube.com/watch?v=isRp6bqCGAg
235,Just Keep It Up,Dee Clark,happy,1990,R&B,https://www.youtube.com/watch?v=_er16Ucy0TU
236,Lotion (LP Version),Deftones,sad,1997,Rock,https://www.youtube.com/watch?v=RDAreco9kRw
237,Korea (LP Version),Deftones,sad,2000,Rock,https://www.youtube.com/watch?v=FHxf6FnY_w0
238,No Ordinary Love (Remastered LP Version),Deftones,sad,2005,Rock,https://www.youtube.com/watch?v=x1hwitltOQ4
239,Jericho  (Straight On Album Version),DeGarmo & Key,sad,1979,Christian,https://www.youtube.com/watch?v=hVuSa4Yik8k
240,Mistadobalina,Del Tha Funkee Homosapien,happy,1991,Hip Hop/Rap,https://www.youtube.com/watch?v=9Bku7gXlkoo
241,Lose Your Money,Delbert McClinton,happy,2000,Blues,??
242,Soo Bawlz,Devo,happy,1979,Rock,https://www.youtube.com/watch?v=-O_P0d4zUic
243,The 4th Dimension (LP Version),Devo,happy,1984,Rock,https://www.youtube.com/watch?v=dZoAedKIMNw
244,Going Under,Devo,sad,1981,Rock,https://www.youtube.com/watch?v=pzd1CjZc75M
245,Be Stiff (Live),Devo,happy,1993,Rock,https://www.youtube.com/watch?v=8Owtc4bJuaY
246,Until I Believe In My Soul,Dexys Midnight Runners,happy,1982,Pop,https://www.youtube.com/watch?v=IkL-PilveHg
247,Just Say Yes,Dickies,happy,1990,Rock,https://www.youtube.com/watch?v=KRIU1ZvNYZk
248,Pretty Please Me,Dickies,happy,1983,Rock,https://www.youtube.com/watch?v=AIfZ2842QTg
249,Cooler Than You,Diesel Boy,happy,1998,Pop,https://www.youtube.com/watch?v=P6E2PMqjVJs
250,Big Business,Dilated Peoples,sad,2004,Hip Hop/Rap,https://www.youtube.com/watch?v=NQPXkVu2oPQ
251,World On Wheels,Dilated Peoples,sad,2004,Hip Hop/Rap,https://www.youtube.com/watch?v=7_UI8_oPl68
252,Master Of Disharmony,Dimmu Borgir,sad,1996,Rock,https://www.youtube.com/watch?v=GGsrXpDrKd8
253,The Chosen Legacy,Dimmu Borgir,sad,2007,Rock,https://www.youtube.com/watch?v=GF3wagWwHjM
254,On The Brink,Dinosaur Jr,sad,1994,Rock,https://www.youtube.com/watch?v=HNwS-q56miA
255,Green Mind,Dinosaur Jr,sad,1991,Rock,https://www.youtube.com/watch?v=syzS14qzfMA
256,I've Been Loving You Too Long (LP Version),Dionne Warwick,happy,1969,R&B,??
257,Moisture,Dishwalla,sad,1995,Rock,https://www.youtube.com/watch?v=bW1pS7hTpJo
258,Lullaby,Dixie Chicks,happy,2006,Country,https://www.youtube.com/watch?v=CFOac8zybPE
259,Hole In My Head,Dixie Chicks,happy,1999,Country,https://www.youtube.com/watch?v=KrighYOsgKk
260,Give It Up Or Let Me Go,Dixie Chicks,happy,1998,Country,https://www.youtube.com/watch?v=PiKKMkeRQCo
261,Born and Raised In Compton,DJ Quik,happy,1991,Hip Hop/Rap,https://www.youtube.com/watch?v=4NittW3FzzI
262,Pacific Coast Remix,DJ Quik,happy,2006,Hip Hop/Rap,https://www.youtube.com/watch?v=9f9k_xheKmE
263,Damien,DMX,happy,1998,Hip Hop/Rap,https://www.youtube.com/watch?v=nrux3ot6eLI
264,I'ma Bang,DMX,sad,2001,Hip Hop/Rap,https://www.youtube.com/watch?v=CQBowVKrFU0
265,Look Thru My Eyes,DMX,sad,1998,Hip Hop/Rap,https://www.youtube.com/watch?v=Ez3NqobeXNY
266,Disease,Dokken,sad,2008,Rock,??
267,Letter To Heaven,Dolly Parton,sad,1971,Country,https://www.youtube.com/watch?v=CBq1s1AB2Uc
268,Who Cares,Don Gibson,happy,1987,Country,https://www.youtube.com/watch?v=HGoiLzKIDio
269,Blue Blue Day,Don Gibson,happy,1987,Country,https://www.youtube.com/watch?v=eT3G3juIzj4
270,Tides Of Time,Donna The Buffalo,happy,1999,Rock,https://www.youtube.com/watch?v=-E68Gz3afkQ
271,All I Ever Really Wanted,Donnie McClurkin,happy,2003,Christian,https://www.youtube.com/watch?v=bkk2xYxeQqo
272,Psalm 27,Donnie McClurkin,happy,2000,Christian,https://www.youtube.com/watch?v=QeSyCc7zlgI
273,Little Girl (LP Version),Donny Hathaway,happy,1971,Blues,https://www.youtube.com/watch?v=YxW2ByqrfGA
274,This Christmas (LP Version),Donny Hathaway,happy,1970,Blues,https://www.youtube.com/watch?v=pj1mVUEHeUE
275,I Love You More Than You'll Ever Know (LP Version),Donny Hathaway,happy,1990,Blues,https://www.youtube.com/watch?v=QP68nSL_pgE
276,Are You Happy (Album Version),Drop Dead_ Gorgeous,sad,2006,Rock,https://www.youtube.com/watch?v=KON_zBqu8nw
277,Going Strong (Album Version),Dropkick Murphys,happy,2004,Rock,https://www.youtube.com/watch?v=Ha604ZiD5dA
278,The Only Road (Album Version),Dropkick Murphys,sad,2011,Rock,https://www.youtube.com/watch?v=mcZeuNzRrSg
279,Weight Of The World (Album Version),Dropline,sad,2010,Pop,??
280,Follow The Light,Dungeon Family,sad,2001,Hip Hop/Rap,https://www.youtube.com/watch?v=DSkv-XWqdrs
281,Hard Times,Eastmountainsouth,sad,2003,Pop,https://www.youtube.com/watch?v=W-EjM-DI5rw
282,I'mma Break It Down,Eazy-E,sad,1988,Hip Hop/Rap,https://www.youtube.com/watch?v=zoW65N1YLJY
283,Two Tickets To Paradise,Eddie Money,happy,1977,Rock,https://www.youtube.com/watch?v=eYEgYVyBDuM
284,Just A Little Lovin' (Will Go A Long Way),Eddy Arnold,happy,1967,Country,https://www.youtube.com/watch?v=d1IzMuGpjlI
285,Molly Darling,Eddy Arnold,happy,1956,Country,https://www.youtube.com/watch?v=hzuk_xGUJb0
286,Our Darkest Days,Eighteen Visions,sad,2006,Rock,https://www.youtube.com/watch?v=UEddQJPz9_E
287,Easy To Lose Hope,Eleanor McEvoy,sad,1999,Rock,https://www.youtube.com/watch?v=VDwfWw_JCV0
288,Queen Of The Hours (2001 Digital Remaster),Electric Light Orchestra,sad,1971,Rock,https://www.youtube.com/watch?v=fv00jR7Eyb4
289,The More I See You,Eliane Elias,sad,2009,Blues,https://www.youtube.com/watch?v=-V8S75caCZU
290,Trows Kind,Elvenking,sad,2006,Pop,https://www.youtube.com/watch?v=cDbEe2oVOss
291,A Fiery Stride (Ltd. Edition Bonus),Elvenking,happy,2004,Pop,https://www.youtube.com/watch?v=EHSJWiymI8g
292,Ricky Ticky Toc,Eminem,sad,2004,Hip Hop/Rap,https://www.youtube.com/watch?v=nw1pVdo_0rg
293,Beautiful,Eminem,happy,2009,Hip Hop/Rap,https://www.youtube.com/watch?v=lgT1AidzRWM
294,Paul,Eminem,sad,1999,Hip Hop/Rap,??
295,With Strength I Burn,Emperor,sad,1997,Rock,https://www.youtube.com/watch?v=bj_g0hpVUKw
296,In the Wordless Chamber,Emperor,sad,2001,Rock,https://www.youtube.com/watch?v=4X6ZFm948XQ
297,Hero In A Dream,Ensiferum,happy,1999,Rock,https://www.youtube.com/watch?v=sXj3EepUMs8
298,Catalyst (LP Version),Epidemic,sad,2002,Rock,https://www.youtube.com/watch?v=kORQo3zOu2k
299,Head Banger,EPMD,sad,1992,Hip Hop/Rap,https://www.youtube.com/watch?v=n6QNCYr_zHY
300,For My People,EPMD,sad,1990,Hip Hop/Rap,https://www.youtube.com/watch?v=samLEJvJlHI
301,I'm Mad,EPMD,sad,1990,Hip Hop/Rap,https://www.youtube.com/watch?v=ls7PGpqtZEk
302,I'm Hot,Erick Sermon,happy,2001,Hip Hop/Rap,https://www.youtube.com/watch?v=1xesLLxNEX8
303,Erick Sermon,Erick Sermon,happy,1993,Hip Hop/Rap,??
304,Don't Bring Flowers,Erik Hassle,sad,2009,Pop,https://www.youtube.com/watch?v=IArgB_T1GS0
305,You Were The One (Wide Wide World Album Version),Erin O'Donnell,sad,2003,Christian,??
306,A Little Of You,Eurythmics,sad,1986,Pop,https://www.youtube.com/watch?v=65dPo1hUSUw
307,Missing (Live in Europe),Evanescence,sad,2003,Rock,https://www.youtube.com/watch?v=7U6n8od_8XA
308,Good Enough,Evanescence,sad,2006,Rock,https://www.youtube.com/watch?v=Kw2Ic_2XdVQ
309,Your Touch Versus Death,Every Time I Die,sad,2000,Rock,https://www.youtube.com/watch?v=HqtpivIyCbc
310,Teacher's Pet,Extreme,happy,1958,Rock,https://www.youtube.com/watch?v=J4ZfaqgOSi0
311,Left To Starve,Eyehategod,sad,1992,Rock,https://www.youtube.com/watch?v=9VColQ9-H6Q
312,I Want You (Album Version),Faith Hill,happy,2005,Country,https://www.youtube.com/watch?v=gjMTBBVIXwY
313,Unsaveable (Album Version),Faith Hill,sad,2002,Country,https://www.youtube.com/watch?v=rJK2plNh2VE
314,Red Umbrella (Album Version),Faith Hill,happy,2007,Country,https://www.youtube.com/watch?v=LnVpa1yCtso
315,Tabernacle Song,Fake Problems,sad,2009,Rock,https://www.youtube.com/watch?v=PFGThEfYwmI
316,Dance_ Dance,Fall Out Boy,happy,2008,Rock,https://www.youtube.com/watch?v=C6MOKXm8x50
317,It's Four In The Morning,Faron Young,sad,1986,Country,https://www.youtube.com/watch?v=DXWV15YtEcQ
318,Prove Something (explicit album version),Fat Joe,sad,2002,Hip Hop/Rap,https://www.youtube.com/watch?v=pk4XzLFW0NA
319,Don't Let Me Come Home A Stranger (LP Version),Fernando Ortega,sad,1997,Christan,https://www.youtube.com/watch?v=1yzJZoFZwcQ
320,I'm Not Done,Fever Ray,happy,2009,Electronica,https://www.youtube.com/watch?v=WoKkncKvNo0
321,Great Big Problem,FFH,sad,2005,Christian,??
322,Why Do I,FFH,happy,2000,Christian,??
323,You And Only You,FFH,happy,2004,Christian,https://www.youtube.com/watch?v=5ZlnquhoLMM
324,Listen,FFH,sad,2005,Christian,https://www.youtube.com/watch?v=nb00sEe7two
325,Talk Of The Town,Firehouse,happy,1992,Rock,https://www.youtube.com/watch?v=82O5_j0KDO0
326,Made Like This (Live),Five Bolt Main,sad,2006,Rock,https://www.youtube.com/watch?v=SiOQWCrS0G4
327,Red Socks Pugie,Foals,sad,2008,Rock,https://www.youtube.com/watch?v=m0IKAQVVksQ
328,Zig-Zag Walk,Foghat,happy,1983,Rock,https://www.youtube.com/watch?v=4ijIlI35lRI
329,Dead End Street,Foghat,happy,1980,Rock,??
330,Hell,Foo Fighters,sad,2005,Rock,https://www.youtube.com/watch?v=fFKPvz_NJzw
331,If Ever,Foo Fighters,happy,2007,Rock,??
332,X-Static,Foo Fighters,sad,1995,Rock,https://www.youtube.com/watch?v=YVNSu5bqDUY
333,Razor,Foo Fighters,sad,2005,Rock,https://www.youtube.com/watch?v=5Xp4iIQuhd4
334,Overdrive,Foo Fighters,happy,2002,Rock,https://www.youtube.com/watch?v=I7kwhcPwYxQ
335,Gotta Man,Frankee,happy,2004,R&B,https://www.youtube.com/watch?v=z4radUyLhcI
336,Gone,Frankie J,sad,2005,R&B,https://www.youtube.com/watch?v=-hP069CPZWk
337,Eleanor Put Your Boots On,Franz Ferdinand,happy,2005,Rock,https://www.youtube.com/watch?v=-ws50OwSgdQ
338,No You Girls,Franz Ferdinand,happy,2009,Rock,https://www.youtube.com/watch?v=25sBhhOR4lw
339,Do You Want To,Franz Ferdinand,happy,2005,Rock,https://www.youtube.com/watch?v=1OJRRUnY--A
340,I've Been Lonely (For So Long),Frederick Knight,sad,2000,R&B,https://www.youtube.com/watch?v=qCsdysH6_g8
341,Sensory Deprivation Adventure,From Autumn To Ashes,sad,2007,Rock,https://www.youtube.com/watch?v=MDHLaBru060
342,We Have All The Time In The World (Live),Fun Lovin' Criminals,happy,1996,Rock,https://www.youtube.com/watch?v=FwFLwYvq1wQ
343,Love Unlimited (Explicit),Fun Lovin' Criminals,happy,1998,Rock,https://www.youtube.com/watch?v=Rs_9w9HjIYs
344,Judge Boushay Blues,Furry Lewis,sad,1972,Country,https://www.youtube.com/watch?v=GySLFfxAbQ0
345,Spotlight,Future Leaders of the World,sad,2004,Rock,https://www.youtube.com/watch?v=PHez7M4bURU
346,Poppin' Them Thangs,G-Unit,sad,2003,Hip Hop/Rap,https://www.youtube.com/watch?v=lc0zKB88XPM
347,Money Make The World Go Around,G-Unit,sad,2008,Hip Hop/Rap,https://www.youtube.com/watch?v=ffE7NaGQNuk
348,Say Your Prayers,Gang Starr,sad,1991,Hip Hop/Rap,https://www.youtube.com/watch?v=8AuTUN5MDdc
349,Mostly Tha Voice (Explicit),Gang Starr,sad,1994,Hip Hop/Rap,https://www.youtube.com/watch?v=wbHWcKP4ALc
350,Open Arms,Gary Go,sad,2009,Pop,https://www.youtube.com/watch?v=R8Oky177PeM
351,Rockin' Every Night (Live),Gary Moore,happy,2005,Blues,https://www.youtube.com/watch?v=73jmsktjUeU
352,Gina,Geggy Tah,happy,1996,Rock,https://www.youtube.com/watch?v=DIciKeYiD88
353,Special Someone,Geggy Tah,happy,2001,Rock,??
354,Set You Free This Time,Gene Clark,sad,1998,Rock,https://www.youtube.com/watch?v=NfMBs9mJZIQ
355,Hear Me Lord (2001 Digital Remaster),George Harrison,sad,1970,Pop,https://www.youtube.com/watch?v=ZIzh2krrQ_U
356,All Things Must Pass (2009 Digital Remaster),George Harrison,sad,1970,Pop,https://www.youtube.com/watch?v=emFfugewfsc
357,Have Yourself A Merry Little Christmas (LP Version),George Huff,happy,2001,R&B,https://www.youtube.com/watch?v=KSOe2BfnnIU
358,Ol' Frank,George Jones,sad,1986,Country,https://www.youtube.com/watch?v=oppaQjcnkw4
359,Shoot The Dog,George Michael,happy,2004,Pop,https://www.youtube.com/watch?v=h8DU4TxIw4k
360,Blessed Assurance,Glad,happy,1993,Christian,https://www.youtube.com/watch?v=ZrBd6EeborY
361,Face the Ashes,Gob,sad,2007,Rock,https://www.youtube.com/watch?v=kvZiH1k_5_s
362,All Alone (Live),Gorillaz,sad,2005,Rock,https://www.youtube.com/watch?v=2txwkUu6Lt0
363,Broke Down On The Brazos (Album),Gov't Mule,happy,2009,Rock,https://www.youtube.com/watch?v=t5O-USmEg-0
364,Underarms,Grandmaster Flash,happy,1987,Hip Hop/Rap,https://www.youtube.com/watch?v=rEbBsA6Kf-Y
365,Wake Me Up When September Ends (Live at Foxboro_ MA 9/3/05),Green Day,sad,2005,Rock,https://www.youtube.com/watch?v=NU9JoFKlaZ0
366,Little Brother,Grizzly Bear,sad,2006,Rock,https://www.youtube.com/watch?v=6POCV842BFo
367,Mama Kin,Guns N' Roses,happy,1986,Rock,https://www.youtube.com/watch?v=5ASRJrWuEc4
368,Catcher In The Rye,Guns N' Roses,sad,2008,Rock,https://www.youtube.com/watch?v=tsz3CkdaOy0
369,You're Crazy,Guns N' Roses,happy,1987,Rock,https://www.youtube.com/watch?v=zmw9dd9UgRQ
370,Sweet Child O' Mine,Guns N' Roses,happy,1987,Rock,https://www.youtube.com/watch?v=1w7OgIMMRc4
371,Patience,Guns N' Roses,sad,1988,Rock,https://www.youtube.com/watch?v=ErvgV4P6Fzc
372,Let's Blame The Lightman,GWAR,happy,1997,Rock,https://www.youtube.com/watch?v=oI3ATMKQABM
373,Harajuku Girls,Gwen Stefani,happy,2004,Pop,https://www.youtube.com/watch?v=-HjCAvzeY-E
374,What You Waiting For?,Gwen Stefani,happy,2004,Pop,https://www.youtube.com/watch?v=OigFnuXL1NI
375,New Friend Request (Amended Version),Gym Class Heroes,sad,2006,Rock,https://www.youtube.com/watch?v=2TnlSVKuy34
376,To Bob Ross With Love (Album Version),Gym Class Heroes,happy,2005,Rock,https://www.youtube.com/watch?v=8z5-5K6O6h4
377,Fall in Philadelphia,Hall & Oates,sad,1972,Pop,https://www.youtube.com/watch?v=Lxpjj3Bp5zg
378,We're Gonna Go Fishin',Hank Locklin,happy,1962,Country,https://www.youtube.com/watch?v=gEWzMtqlBH4
379,Send Me The Pillow You Dream On,Hank Locklin,happy,1960,Country,https://www.youtube.com/watch?v=PdHl3yVYyUE
380,Mental Beat,Hanoi Rocks,happy,1983,Rock,https://www.youtube.com/watch?v=7aVyLUzA5eg
381,Olive Oil,Happy Mondays,sad,1987,Rock,https://www.youtube.com/watch?v=QJXl3O7chgg
382,Grandbag's Funeral,Happy Mondays,sad,1990,Rock,https://www.youtube.com/watch?v=WuggdgqcpDE
383,As Diehard As They Come (Album Version),Hatebreed,sad,2006,Rock,https://www.youtube.com/watch?v=uxP1KCdP_tc
384,Boxed In (Subzero),Hatebreed,sad,2009,Rock,https://www.youtube.com/watch?v=pMNj0zB6U0g
385,Mark My Words (Album Version),Hatebreed,sad,1997,Rock,https://www.youtube.com/watch?v=pdkv_Fr9Ml4
386,Stampede,He Is Legend,sad,2006,Rock,https://www.youtube.com/watch?v=YaRw2BHwveo
387,(We Don't Need This) Fascist Groove Thang,Heaven 17,sad,1981,Pop,https://www.youtube.com/watch?v=lV5dbcOmw6I
388,Resurrection Man,Heaven 17,happy,1996,Pop,https://www.youtube.com/watch?v=f0PNuKg1DkE
389,Come Live With Me (12'' Extended Version) (2006 Digital Remaster),Heaven 17,sad,1983,Pop,https://www.youtube.com/watch?v=UnV_n5UHDxQ
390,Everybody Loves You,Helmet,happy,2004,Rock,https://www.youtube.com/watch?v=8p4qBafBAuI
391,Street Crab,Helmet,sad,1994,Rock,https://www.youtube.com/watch?v=o4oOg58P9XA
392,Give It,Helmet,sad,1992,Rock,https://www.youtube.com/watch?v=8Tq_jN_xUaQ
393,Your Head,Helmet,sad,1995,Rock,https://www.youtube.com/watch?v=mQGrqnBmH_Y
394,Have Yourself A Merry Little Christmas,Hem,happy,2005,Rock,https://www.youtube.com/watch?v=Opqpn8Dse1s
395,Redwing,Hem,happy,2004,Rock,https://www.youtube.com/watch?v=QFQrH9w8VM4
396,Hold On,Hot Chip,sad,2008,Electronica,https://www.youtube.com/watch?v=FzQvh7C8BsI
397,Ready For The Floor (Radio Edit),Hot Chip,happy,2008,Electronica,https://www.youtube.com/watch?v=70u302Qzl4M
398,Candy Man,Hot Tuna,sad,1971,Blues,https://www.youtube.com/watch?v=9u-9L8qeWNw
399,Death Don't Have No Mercy,Hot Tuna,happy,1970,Blues,https://www.youtube.com/watch?v=uO-xvAec6sM
400,Rock Bottom,House Of Lords,happy,2006,Electronica,https://www.youtube.com/watch?v=UHWJf2N9IUE
401,I'm On To You,Hurricane,happy,1988,Rock,https://www.youtube.com/watch?v=vomxyIDaLtQ
402,Why We Thugs (edited version),Ice Cube,sad,2006,Hip Hop/Rap,https://www.youtube.com/watch?v=-F41m_ywC0Y
403,Main Street Eyes,Iggy Pop,sad,1990,Rock,https://www.youtube.com/watch?v=iZ5M7CQJm58
404,Warning,Incubus,sad,2001,Rock,https://www.youtube.com/watch?v=KoPlkmYaEQs
405,More to This,Information Society,sad,2007,Pop,https://www.youtube.com/watch?v=ezUwaVYOhFI
406,Here Comes The Hotstepper,Ini Kamoze,happy,1995,Reggae,https://www.youtube.com/watch?v=w0N4twV28Mw
407,Commercial Reign,Inspiral Carpets,sad,1990,Rock,https://www.youtube.com/watch?v=ZrP1e2QiMI8
408,River Is Waiting,Irma Thomas,happy,2008,R&B,https://www.youtube.com/watch?v=sqWQCoXGy20
409,Sixth of June,It Dies Today,sad,2007,Rock,https://www.youtube.com/watch?v=tb7JzFe0ONU
410,You And Your Heart,Jack Johnson,sad,2010,Rock,https://www.youtube.com/watch?v=PeFJlk8eOhQ
411,Adrift,Jack Johnson,sad,2008,Rock,https://www.youtube.com/watch?v=djR7m4jzNfk
412,Undertow,Jackson United,happy,2008,Rock,https://www.youtube.com/watch?v=WoL9ZIK8ABY
413,To Your Arms of Love,Jah Cure,happy,2007,Reggae,https://www.youtube.com/watch?v=mAtsUunh90c
414,Steamroller Blues,James Taylor,happy,1970,Country,https://www.youtube.com/watch?v=TT7tWlHp3WA
415,One More Go Round,James Taylor,happy,1991,Country,https://www.youtube.com/watch?v=e_GCRCDApFU
416,Down In The Hole,James Taylor,sad,1991,Country,https://www.youtube.com/watch?v=uvI0jU7jwwI
417,Bad Seed,Jan Howard,happy,1966,Country,https://www.youtube.com/watch?v=NnnXrtETQh8
418,When I Think Of You,Janet Jackson,happy,1986,R&B,https://www.youtube.com/watch?v=EaleKN9GQ54
419,Again (Instrumental),Janet Jackson,sad,1993,R&B,https://www.youtube.com/watch?v=Usvt2H4HfUY
420,Get It While You Can,Janis Joplin,happy,1971,Blues,https://www.youtube.com/watch?v=n0FlTjvQLgw
421,Don't Stop,Jars Of Clay,happy,2009,Christian,https://www.youtube.com/watch?v=6DUSb5Cth7E
422,No Good In Goodbye,Jason Michael Carroll,sad,2007,Country,https://www.youtube.com/watch?v=Z-nbB2Fv50o
423,Did You Get My Message?  (Live From Shubas),Jason Mraz,sad,2007,Pop,https://www.youtube.com/watch?v=cH1ZyoWyyWU
424,Let's Lock The Door (And Throw Away The Key),Jay & The Americans,happy,1990,Pop,https://www.youtube.com/watch?v=Eas4p-pNeXw
425,Jody,Jeff Beck Group,happy,1971,Rock,https://www.youtube.com/watch?v=M8hbX6HteQE
426,Ice Cream Cakes,Jeff Beck Group,happy,1972,Rock,https://www.youtube.com/watch?v=N74N-JmjBo8
427,Fading Lady Light,Jefferson Starship,happy,1979,Rock,https://www.youtube.com/watch?v=oGc3wHZmBhI
428,Naked,Jennifer Brown,happy,1998,R&B,??
429,Talk About Us,Jennifer Lopez,sad,1999,Pop,https://www.youtube.com/watch?v=fvFwv5fsrBw
430,Play,Jennifer Lopez,happy,2001,Pop,https://www.youtube.com/watch?v=tFuw-YZaTNo
431,We Gotta Talk,Jennifer Lopez,sad,2001,Pop,https://www.youtube.com/watch?v=2D03lKbvayg
432,Still,Jennifer Lopez,sad,2002,Pop,https://www.youtube.com/watch?v=9oIHIoSJkJs
433,Going Out West,Jesse Malin,sad,2004,Rock,https://www.youtube.com/watch?v=501R9pHrngI
434,Since You're In Love,Jesse Malin,sad,2004,Rock,https://www.youtube.com/watch?v=mR6ArVJmCEY
435,Broken Radio,Jesse Malin,sad,2007,Rock,https://www.youtube.com/watch?v=zbJkqAnVt3o
436,Harmony,Jesse Malin,sad,2008,Rock,https://www.youtube.com/watch?v=p0fi-ZUaRE4
437,Take My Breath Away,Jessica Simpson,happy,2004,Pop,https://www.youtube.com/watch?v=5MWFcfGi8QQ
438,Yellow Brown,Jesus Jones,sad,1993,Rock,https://www.youtube.com/watch?v=vXjI_2pG8gI
439,Serve The Ego (Hani Num Dub),Jewel,happy,2002,Pop,https://www.youtube.com/watch?v=z-qUw1W_tio
440,Somewhere Else,Jim Bryson,sad,2003,Rock,https://www.youtube.com/watch?v=IsJgZB33uGE
441,Voodoo Chile Blues,Jimi Hendrix,sad,1994,Rock,https://www.youtube.com/watch?v=PRE45yTndYg
442,Fire,Jimi Hendrix,happy,1969,Rock,https://www.youtube.com/watch?v=qFmQUIMaFuc
443,She Runs,Jimmy Wayne,happy,2003,Country,https://www.youtube.com/watch?v=05V7KJlFuPQ
444,So Many Roads,Joe Bonamassa,sad,2006,Blues,https://www.youtube.com/watch?v=hjcw0GpmtlM
445,I Know A Place,Joe Bonamassa,sad,2010,Blues,https://www.youtube.com/watch?v=f3pmqdEmxIo
446,Make A Move On Me,Joey Negro,happy,2005,Electronica,https://www.youtube.com/watch?v=aYWcuD77lwo
447,Come To Find Out,John Hammond,happy,2005,Blues,https://www.youtube.com/watch?v=Wf1x2-0Fr2Y
448,Something's Missing,John Mayer,sad,2003,Pop,https://www.youtube.com/watch?v=FrlNN-RsJUc
449,Down And Out In Paradise,John Mellencamp,happy,1987,Rock,https://www.youtube.com/watch?v=qj2SDWhFwxE
450,The Emperor Falls,John Wesley,sad,1998,Rock,??
451,I Got Stripes (Live),Johnny Cash,happy,2006,Country,https://www.youtube.com/watch?v=R0LRpCv7siI
452,Got The Bull By The Horns,Johnny Horton,happy,1996,Country,https://www.youtube.com/watch?v=AwPVbNEfk1E
453,The Woman I Need (Honky Tonk Mind),Johnny Horton,happy,2000,Country,https://www.youtube.com/watch?v=_bKCtFENY_0
454,The One I Got,Jonny Lang,happy,2003,Blues,https://www.youtube.com/watch?v=nMLF-u989UY
455,One Person At A Time,Jonny Lang,happy,2006,Blues,https://www.youtube.com/watch?v=8UxqmTzE_X0
456,Softly And Tenderly,Josh Turner,sad,2004,Country,https://www.youtube.com/watch?v=HEp0vw7cE3w
457,Leaders Of Men,Joy Division,sad,1978,Rock,https://www.youtube.com/watch?v=AtpyAVzdXVw
458,There It Go (The Whistle Song),Juelz Santana,happy,2005,Hip Hop/Rap,https://www.youtube.com/watch?v=EGMOD3rVsK8
459,Unlove Me,Julie Roberts,sad,2004,Country,https://www.youtube.com/watch?v=v7IAt3HMB3Y
460,The Chance,Julie Roberts,happy,2004,Country,https://www.youtube.com/watch?v=PRrT0Ak18Pc
461,They Say (Album),Jupiter Rising,happy,2007,Pop,https://www.youtube.com/watch?v=0wJUdYgI0R4
462,Love Don't Love Me (Justin Timberlake) (Amended Version),Justin Timberlake,happy,2003,Pop,https://www.youtube.com/watch?v=a8VMCWwSb-0
463,Clap Ur Handz,K-OS,happy,2004,Hip Hop/Rap,??
464,Heaven Only Knows,K-OS,sad,2002,Hip Hop/Rap,https://www.youtube.com/watch?v=hI6gNR70G7E
465,A Sound That Only You Can Hear,K's Choice,happy,1995,Rock,https://www.youtube.com/watch?v=sUwsKm-lmsE
466,All I Can Do,Kane,sad,2005,Rock,https://www.youtube.com/watch?v=F2pawwv300A
467,Rain Down On Me,Kane,happy,2001,Rock,https://www.youtube.com/watch?v=yrLA5gZ1aGg
468,Through The Wire,Kanye West,happy,2003,Hip Hop/Rap,https://www.youtube.com/watch?v=Jr_5yTNvIt4
469,School Spirit Skit 2,Kanye West,happy,2003,Hip Hop/Rap,https://www.youtube.com/watch?v=NRpQNdlttDs
470,Diamonds From Sierra Leone,Kanye West,happy,2005,Hip Hop/Rap,https://www.youtube.com/watch?v=92FCRmggNqQ
471,The Southern Soldier Boy,Kathy Mattea,sad,1991,,https://www.youtube.com/watch?v=TFFHMNBiYvM
472,Standing Knee Deep In a River (Dying Of Thirst),Kathy Mattea,sad,1992,,https://www.youtube.com/watch?v=mWyFW1siCwQ
473,Love Without Fear,Katie Armiger,happy,2007,,https://www.youtube.com/watch?v=O7IHsEStUEk
474,Still There For Me,Keb' Mo',happy,2006,,https://www.youtube.com/watch?v=uIU5O5pVAQM
475,The Door,Keb' Mo',sad,2000,,https://www.youtube.com/watch?v=HRCVgKyvEc8
476,My Life Would Suck Without You,Kelly Clarkson,happy,2009,Pop,https://www.youtube.com/watch?v=cRM70Jw7F4M
477,Don't Make Me Wait For Love,Kenny G,sad,1986,,https://www.youtube.com/watch?v=Xxc_w2Fz7MA
478,Biloxi,Kenny Price,happy,1970,,https://www.youtube.com/watch?v=OTMCfdaiLBM
479,Love Is What We Make It,Kenny Rogers,happy,1999,,https://www.youtube.com/watch?v=ig7O4qVPNcU
480,The Portrait (Live) (Reissue) (Album Version),King Diamond,sad,1987,,https://www.youtube.com/watch?v=lDs-N1YV8Ls
481,Shrine (Reissue) (Album Version),King Diamond,sad,2003,,https://www.youtube.com/watch?v=d4I9mZURFu4
482,Wicker Chair,Kings Of Leon,sad,2003,Rock,https://www.youtube.com/watch?v=HSaEqH6kSA8
483,Knocked Up,Kings Of Leon,sad,2007,Rock,https://www.youtube.com/watch?v=_Mzklb9nkXM
484,Genius,Kings Of Leon,happy,2003,Rock,https://www.youtube.com/watch?v=hXSMJxfMmko
485,Day Old Blues,Kings Of Leon,sad,2004,Rock,https://www.youtube.com/watch?v=kStzzS6n3dA
486,Radar For Love,Kiss,happy,1985,Rock,https://www.youtube.com/watch?v=Y2lLfsgjtiE
487,Every Time I Look At You,Kiss,sad,1992,Rock,https://www.youtube.com/watch?v=SUi_Dtcg0C4
488,Cold Blood (LP Version),Kix,happy,1988,Rock,https://www.youtube.com/watch?v=ijriTFyKvAk
489,Death Blow,Kool Moe Dee,sad,1991,Hip Hop/Rap,https://www.youtube.com/watch?v=EEoLDhZw2iI
490,Hey Daddy,Korn,sad,1999,Rock,https://www.youtube.com/watch?v=ZZ-Ubi2Ewyc
491,Ever Be,Korn,sad,2007,Rock,https://www.youtube.com/watch?v=ixudc3r57Gc
492,Proud,Korn,sad,1996,Rock,https://www.youtube.com/watch?v=rSB44KR28JY
493,Computer Love (2009 Digital Remaster),Kraftwerk,sad,2007,Electronica,https://www.youtube.com/watch?v=Qic5xljjMbc
494,Pocket Calculator (2009 Digital Remaster),Kraftwerk,happy,2009,Electronica,https://www.youtube.com/watch?v=tdyN91qMECc
495,Same Old Song,Kris Kristofferson,happy,1974,Country,https://www.youtube.com/watch?v=jB6Fj8TOB3k
496,Darby's Castle,Kris Kristofferson,sad,1970,Country,https://www.youtube.com/watch?v=3fXG5oiMOI8
497,Killer Barracuda,Kris Kristofferson,sad,1995,Country,??
498,Snakebit,Kris Kristofferson,sad,1981,Country,https://www.youtube.com/watch?v=w_5LCUgW0yA
499,Doesn't Get Much Better,Kyle Riabko,happy,2005,Pop,??
500,Magdalaine,L.A. Guns,happy,1989,Rock,https://www.youtube.com/watch?v=GPj-LmyFYxY
501,This Ain't Pleasure,L7,sad,1992,Rock,https://www.youtube.com/watch?v=rdzk0PzXgaw
502,Luv In the First,Latif,happy,2003,R&B,https://www.youtube.com/watch?v=DKJfaOOBWPQ
503,Out In The Woods,Leon Russell,sad,1976,Country,https://www.youtube.com/watch?v=6gRnM9CoBlI
504,Heavy Like Sunday,Leona Naess,sad,2008,Rock,https://www.youtube.com/watch?v=ymI2F7P9d4Q
505,Star Signs,Leona Naess,sad,2003,Rock,https://www.youtube.com/watch?v=LHAaVdhxWg8
506,Paper Thin,Leona Naess,sad,2000,Rock,??
507,It's My Party,Lesley Gore,happy,1963,Pop,https://www.youtube.com/watch?v=mIsnIt1p978
508,It's My Party,Lesley Gore,happy,1963,Pop,?? Same link as above
509,Co-Pilot (Album Version),Letters To Cleo,happy,1997,Pop,https://www.youtube.com/watch?v=J_na0tu5km0
510,When Rules Change,Life In Your Way,happy,2005,Rock,https://www.youtube.com/watch?v=Mx32_nbctuk
511,Breathless,Lifer,sad,2001,Rock,https://www.youtube.com/watch?v=k5epGrSPkC0
512,Ocean Drive,Lighthouse Family,happy,1995,Pop,https://www.youtube.com/watch?v=IEyNgIgfNfQ
513,I Remember (amended album version),Lil Boosie,sad,2006,Hip Hop/Rap,https://www.youtube.com/watch?v=4LG4LugMmws
514,Fly Talkin',Lil Wayne,sad,2002,Hip Hop/Rap,https://www.youtube.com/watch?v=8lR1GzAKeuQ
515,Don't Want To,Lil' Romeo,sad,2001,Hip Hop/Rap,https://www.youtube.com/watch?v=VktgB30Nrog
516,U Killed It,Lily Allen,sad,2006,Pop,https://www.youtube.com/watch?v=8ARnUcHeHwY
517,Tonight Will Be Alright,Lionel Richie,happy,1986,R&B,https://www.youtube.com/watch?v=UEokVJk9MiA
518,I Applaud You  (LP Version),Liquid Gang,happy,2000,Rock,https://www.youtube.com/watch?v=hUv6e8k7urE
519,The Loco-Motion,Little Eva,happy,1962,Pop,https://www.youtube.com/watch?v=lNNW0SPkChI
520,Down On The Farm (2006 Remastered Edit Version),Little Feat,happy,2006,Rock,https://www.youtube.com/watch?v=cAst-RO5XIs
521,There Will Be Blood Tonight,Lizzy Borden,sad,2000,Rock,https://www.youtube.com/watch?v=Yb_w1GVzoO8
522,Headsprung,LL Cool J,happy,2004,Hip Hop/Rap,https://www.youtube.com/watch?v=JQcAzie9AJ0
523,South Side Story,Lloyd Banks,sad,2004,Hip Hop/Rap,https://www.youtube.com/watch?v=MLXrGJg-LBQ
524,No Answer (Outro),Lollipop Lust Kill,sad,2002,Rock,https://www.youtube.com/watch?v=W4RwXqiIQjQ
525,Haunting,LORE,sad,2008,,https://www.youtube.com/watch?v=-IjZQYc8uX4
526,Release,LORE,sad,2006,,??
527,I Can't Feel You Anymore,Loretta Lynn,happy,1994,Country,https://www.youtube.com/watch?v=z1PPuvyUSC0
528,I'd Rather Have Jesus,Loretta Lynn,sad,1965,Country,https://www.youtube.com/watch?v=1Ht8C7PemhE
529,Certain Things We Do,Lost Boyz,happy,1997,Hip Hop/Rap,https://www.youtube.com/watch?v=rgOr2HqkstI
530,Get Your Hustle On,Lost Boyz,sad,1997,Hip Hop/Rap,https://www.youtube.com/watch?v=7RElw5dJjqA
531,What's Wrong,Lost Boyz,sad,1997,Hip Hop/Rap,https://www.youtube.com/watch?v=61BF3TUXves
532,Streets On Fire (Explicit Album Version),Lupe Fiasco,sad,2007,Hip Hop/Rap,https://www.youtube.com/watch?v=UF7rBcFolAc
533,Ma Rainey's Black Bottom,Ma Rainey,happy,1927,Blues,https://www.youtube.com/watch?v=-fizLgmUHmw
534,Bedtime Story (Album Version),Madonna,happy,1994,Pop,https://www.youtube.com/watch?v=WRLO56kgsOg
535,Papa Don't Preach,Madonna,sad,1986,Pop,https://www.youtube.com/watch?v=j6h5J73dgx0
536,Misty Mountains,Mando Diao,happy,2007,Pop,https://www.youtube.com/watch?v=ykGAjImicXo
537,All My Senses,Mando Diao,sad,2004,Pop,https://www.youtube.com/watch?v=5aYK4r8En2g
538,Going Home (Album Version),Marc Broussard,sad,2008,Blues,https://www.youtube.com/watch?v=Ix4fCQFF1Hc
539,Start The Fire,Margaret Becker,happy,1989,Christian,https://www.youtube.com/watch?v=RzQ9ypdO4sk
540,Stay Close To Me,Margaret Becker,happy,1990,Christian,https://www.youtube.com/watch?v=YSvIEHe_G6Q
541,Mine Again,Mariah Carey,sad,2005,R&B,https://www.youtube.com/watch?v=4XrebBVL1KU
542,Clown,Mariah Carey,happy,2002,R&B,https://www.youtube.com/watch?v=UhXLlQ2Gur0
543,Someday,Mariah Carey,sad,1990,R&B,https://www.youtube.com/watch?v=N_-vgiGtxvc
544,Honey,Mariah Carey,happy,1997,R&B,https://www.youtube.com/watch?v=w3KOowB4k_k
545,Touch My Body,Mariah Carey,happy,2008,R&B,https://www.youtube.com/watch?v=9b8erWuBA44
546,Rave On (Live 1982),Marshall Crenshaw,happy,2000,Rock,https://www.youtube.com/watch?v=ZFoXibCrM6Y
547,I Can't Stop Loving You,Martina McBride,sad,2005,Country,https://www.youtube.com/watch?v=IQ0qpJtENMI
548,Heart Trouble,Martina McBride,sad,1993,Country,https://www.youtube.com/watch?v=00ZjWm9-ky0
549,Anything's Better Than Feelin' The Blues,Martina McBride,sad,1999,Country,https://www.youtube.com/watch?v=JEekV4k5JFU
550,Have Thine Own Way Lord,Marty Robbins,happy,1907,Country,https://www.youtube.com/watch?v=W2ucSvV1ss8
551,A Castle In The Sky,Marty Robbins,happy,2008,Country,https://www.youtube.com/watch?v=6hLMkQESux4
552,Turning Away,Mary Black,happy,1999,Country,https://www.youtube.com/watch?v=96gBjPQE3oA
553,Wanna Hurt Mase? (Album Version),Mase,sad,1997,Hip Hop/Rap,https://www.youtube.com/watch?v=5FfIypNc754
554,Shadows That Move,Mastodon,sad,2001,Rock,https://www.youtube.com/watch?v=o93ttGgeUX4
555,Deep Sea Creature,Mastodon,sad,2001,Rock,https://www.youtube.com/watch?v=pcwNtSnb7C4
556,Never Be Ready,Mat Kearney,happy,2009,Rock,https://www.youtube.com/watch?v=M5uYO2wU29w
557,Exaltation,Matisyahu,happy,2004,Reggae,https://www.youtube.com/watch?v=4kFf696CBvQ
558,Refuge,Matisyahu,sad,2004,Reggae,https://www.youtube.com/watch?v=cJRSnXG69BY
559,Groovin' In The Midnight,Maxi Priest,happy,1991,Reggae,https://www.youtube.com/watch?v=dECcsB4Suck
560,Full Of Voices,Maximilian Hecker,sad,2005,Pop,https://www.youtube.com/watch?v=53ga5g1dGcY
561,Let Me Out,Maximilian Hecker,sad,2001,Pop,??
562,Miss X (LP Version),MC5,happy,1971,Rock,https://www.youtube.com/watch?v=P6kmgg3EmgU
563,The Key,Melissa Auf der Maur,sad,2010,Rock,https://www.youtube.com/watch?v=NuU5-0yak3I
564,Hit The Lights,Metallica,happy,1982,Rock,https://www.youtube.com/watch?v=6SEKKcKtMkI
565,The End Of The Line,Metallica,happy,2008,Rock,https://www.youtube.com/watch?v=SfBcNIpoUmA
566,Metal Militia,Metallica,sad,1982,Rock,https://www.youtube.com/watch?v=KlxEejhHfr8
567,Joy In The Journey (The Final Word Album Version),Michael Card,happy,1992,Christian,https://www.youtube.com/watch?v=wvHb9Wz5Otw
568,Joy In The Journey (The Final Word Album Version),Michael Card,happy,1994,Christian,??Same as above
569,Arise_ My Love (Song Of Solomon),Michael Card,sad,1991,Christian,https://www.youtube.com/watch?v=qGdom4pLg1M
570,HISTORY,Michael Jackson,sad,1995,Pop,https://www.youtube.com/watch?v=fAr-rC3bmd0
571,Just A Little Bit Of You,Michael Jackson,happy,1975,Pop,https://www.youtube.com/watch?v=81cBKHEeI6w
572,Dirty Diana,Michael Jackson,happy,1987,Pop,https://www.youtube.com/watch?v=yUi_S6YWjZw
573,We're Almost There,Michael Jackson,happy,1975,Pop,https://www.youtube.com/watch?v=QznKOl2n30E
574,I Wanna Be Where You Are,Michael Jackson,sad,1972,Pop,https://www.youtube.com/watch?v=0GLaODfMqn4
575,Girl You're So Together,Michael Jackson,happy,1984,Pop,https://www.youtube.com/watch?v=X3tM8BOASAA
576,Love Can Break Your Heart (LP Version),Michael McDonald,sad,1990,R&B,https://www.youtube.com/watch?v=7HV3wrg9LLA
577,He Can't Love you,Michael Stanley Band,happy,1980,Rock,https://www.youtube.com/watch?v=x2-jxfPxKQw
578,Christe Eleison (Christ Have Mercy) (Center Of My Universe Album Version),Michelle Tumes,sad,2000,Christian,https://www.youtube.com/watch?v=xGmdu1kopnE
579,Patricia,Mighty Mighty Bosstones,happy,1989,Rock,https://www.youtube.com/watch?v=22Z0fN9tm3U
580,Nobody's Perfect,Mike And The Mechanics,happy,1988,Pop,https://www.youtube.com/watch?v=4QsioJyZIbw
581,Never Wanted to Dance (Live In London),Mindless Self Indulgence,happy,2008,Electronica,https://www.youtube.com/watch?v=lLq-0XoMeiI
582,Be With Me,Mindy McCready,happy,2002,Country,https://www.youtube.com/watch?v=yb5_JhZJytw
583,Ten Thousand Angels,Mindy McCready,happy,1996,Country,https://www.youtube.com/watch?v=NpzzY3r_0Ec
584,Lovin' You,Minnie Riperton,happy,1974,R&B,https://www.youtube.com/watch?v=K7MqTrXwojk
585,Call Me,Mint Condition,sad,1999,R&B,https://www.youtube.com/watch?v=YGh6HGqT3Sw
586,Apples in the Trees (Live),Mirah,happy,2001,Pop,https://www.youtube.com/watch?v=s13PoYGBcGY
587,Coffee Blues,Mississippi John Hurt,happy,1966,Country,https://www.youtube.com/watch?v=arnFkSB3vaA
588,The Special Two (Australian Version),Missy Higgins,sad,2007,Pop,https://www.youtube.com/watch?v=uxIg1sSFifQ
589,I'll Sweat You (LP Version),Mista,happy,1996,R&B,https://www.youtube.com/watch?v=7APtst_ruhQ
590,Jenny Take a Ride,Mitch Ryder,happy,2004,R&B,https://www.youtube.com/watch?v=P6s60SForJM
591,Got It Twisted,Mobb Deep,sad,2004,Hip Hop/Rap,https://www.youtube.com/watch?v=-8ilbv2e2h8
592,Broken Promises (album version),Moments In Grace,sad,2004,Rock,https://www.youtube.com/watch?v=6BVmGJFwHKg
593,CNN War Theme,Monster Magnet,sad,2004,Rock,https://www.youtube.com/watch?v=7DcP3qJCZ48
594,Tired,Moonspell,sad,1999,Rock,https://www.youtube.com/watch?v=FUniRIzM2Jo
595,Get It For Free,Mötley Crüe,happy,1999,Rock,https://www.youtube.com/watch?v=C5UD7pABQJw
596,Merry-Go-Round,Mötley Crüe,happy,1981,Rock,https://www.youtube.com/watch?v=iczXuaqc4OA
597,It Is Us,Mudhoney,happy,2006,Rock,https://www.youtube.com/watch?v=3YPJgpavPaw
598,New Meaning,Mudhoney,sad,2008,Rock,https://www.youtube.com/watch?v=spOu_TA36zw
599,Alright_ Alright_ Alright,Mungo Jerry,happy,1990,Rock,https://www.youtube.com/watch?v=mmqZiFhGlbc
600,Pushbike Song,Mungo Jerry,happy,2001,Rock,https://www.youtube.com/watch?v=te6xAeEu0ps
601,Stockholm Syndrome,Muse,sad,2006,Rock,https://www.youtube.com/watch?v=gXN9acC9edU
602,You Found Me,MxPx,happy,1995,Rock,https://www.youtube.com/watch?v=nj4m63bN804
603,Drum Machine Joy,MxPx,sad,1995,Rock,https://www.youtube.com/watch?v=WQF9FpyRJWA
604,Interlude (Album Version),My Chemical Romance,sad,2004,Rock,https://www.youtube.com/watch?v=E_qAzO-o674
605,Take A Look  (LP Version),Natalie Cole,sad,1993,R&B,https://www.youtube.com/watch?v=ktXkUN2MaZ8
606,The Gift,Natalie Cole,happy,1985,R&B,https://www.youtube.com/watch?v=2kJvBF6SwlU
607,Mayday,Natural Elements,sad,1998,Hip Hop/Rap,https://www.youtube.com/watch?v=VoIEhuJeGhc
608,Family Tree,Naughty By Nature,sad,2002,Hip Hop/Rap,https://www.youtube.com/watch?v=1Fq7_0g_fT8
609,Ring The Alarm,Naughty By Nature,sad,1999,Hip Hop/Rap,https://www.youtube.com/watch?v=3dWr6fzO8Xs
610,How Can You Call That Beautiful (Stewkey Vocal),Nazz,happy,1971,Rock,https://www.youtube.com/watch?v=fkjr4lof1hw
611,From a Jack To a King,Ned Miller,happy,1963,Country,https://www.youtube.com/watch?v=vJEs2uM7zaM
612,From A Jack To A King,Ned Miller,happy,1963,Country,??Same as above
613,Song Sung Blue,Neil Diamond,happy,1972,Country,https://www.youtube.com/watch?v=ighSddnnaPE
614,Lie Down And Be Counted (2007 Digital Remaster),Neil Innes,sad,1974,Rock,https://www.youtube.com/watch?v=Yn3LLK7dczA
615,Because Of You,Neil Sedaka,happy,1999,Pop,https://www.youtube.com/watch?v=Kt65BC0JEzM
616,Don't Let Her Pull You Down,New Found Glory,happy,2009,Rock,https://www.youtube.com/watch?v=W1uWuwQGzlU
617,Trash (live Paris),New York Dolls,sad,2000,Rock,https://www.youtube.com/watch?v=ud0uWf2ld2U
618,She Fell Away (2009 Digital Remaster),Nick Cave & The Bad Seeds,sad,1986,Rock,https://www.youtube.com/watch?v=jkIkCe8RzCU
619,Still In Love,Nick Cave & The Bad Seeds,sad,2003,Rock,https://www.youtube.com/watch?v=Y5rdRNxqQ3I
620,The Hammer Song (2010 Digital Remaster),Nick Cave & The Bad Seeds,sad,1986,Rock,https://www.youtube.com/watch?v=iWZDIf1SuQY
621,Wings Off Flies (2009 Digital Remaster),Nick Cave & The Bad Seeds,sad,1984,Rock,https://www.youtube.com/watch?v=Qjus85xdLyE
622,Loverman,Nick Cave & The Bad Seeds,sad,1994,Rock,https://www.youtube.com/watch?v=P51IVqf28Hs
623,Christina The Astonishing (2010 Digital Remaster),Nick Cave & The Bad Seeds,sad,1992,Rock,https://www.youtube.com/watch?v=5oD39kCEmwY
624,Ghost Town Rituals (Album Version),Nights Like These,sad,2006,Rock,??
625,Escapist,Nightwish,happy,2007,Rock,https://www.youtube.com/watch?v=ybyU0pdIu4Y
626,Sleepwalker,Nightwish,sad,2000,Rock,https://www.youtube.com/watch?v=RGMirSbimyE
627,Metal,Nine Inch Nails,sad,2000,Rock,https://www.youtube.com/watch?v=B-qPWh_jDLA
628,Survivalism,Nine Inch Nails,sad,2007,Rock,https://www.youtube.com/watch?v=qSsRt_1l740
629,Sin,Nine Inch Nails,sad,1989,Rock,https://www.youtube.com/watch?v=fEWdjtMmqGo
630,Heart-Shaped Box,Nirvana,sad,1993,Rock,https://www.youtube.com/watch?v=n6P0SitRwy8
631,Pretty Girl (Amended Version),No Address,happy,2005,Rock,??
632,Stickin In My Eye,NOFX,happy,1992,Rock,https://www.youtube.com/watch?v=Gv4qJwiEjcU
633,My Heart Is Yearning,NOFX,happy,1994,Rock,https://www.youtube.com/watch?v=C7u5dc10Suc
634,Guardian Angel,Novaspace,sad,2002,Pop,https://www.youtube.com/watch?v=qp43bQt09rI
635,Triesteitaliana,Novembre,sad,2007,Rock,https://www.youtube.com/watch?v=p_ammuZfC0M
636,Reason,Novembre,happy,2006,Rock,https://www.youtube.com/watch?v=uS5Md_v76A4
637,Morning Glory,Oasis,happy,1995,Rock,https://www.youtube.com/watch?v=Wm54XyLwBAk
638,Columbia,Oasis,happy,1994,Rock,https://www.youtube.com/watch?v=Gx9SD6-a_GY
639,New Pin (edit),Oceansize,sad,2005,Rock,https://www.youtube.com/watch?v=f8CZNX-uuhI
640,The Ambush,Open Hand,sad,2004,Rock,https://www.youtube.com/watch?v=SNySBNi47-8
641,Tough Guy,Open Hand,sad,2004,Rock,https://www.youtube.com/watch?v=leivZs_EIlk
642,Soulcrusher (Amended Album Version),Operator,sad,2007,Rock,https://www.youtube.com/watch?v=YW4f8dDU2U0
643,Illuminate,Orbital,happy,2001,Electronica,https://www.youtube.com/watch?v=xqC5G3ssbyU
644,Hate,Organized Konfusion,sad,1997,Hip Hop/Rap,https://www.youtube.com/watch?v=BiIKW-gKh5k
645,Happy Valentine's Day,OutKast,happy,2003,Hip Hop/Rap,https://www.youtube.com/watch?v=kRAWwdzNL6c
646,Call Of Da Wild,OutKast,sad,1994,Hip Hop/Rap,https://www.youtube.com/watch?v=Lqct4_0U-SM
647,Wailin',OutKast,sad,1996,Hip Hop/Rap,https://www.youtube.com/watch?v=o-EUqXtmBeE
648,Panda Bear,Owl City,happy,2007,Electronica,https://www.youtube.com/watch?v=-4mrum2daEc
649,On The Wing,Owl City,happy,2008,Electronica,https://www.youtube.com/watch?v=HbSvs8VZStE
650,Seed,Paloalto,sad,2003,Rock,https://www.youtube.com/watch?v=ZxJNjzaSABw
651,Northern Downpour (Album Version),Panic At The Disco,sad,2008,Rock,https://www.youtube.com/watch?v=zouSojyIi94
652,I Cried All The Way To The Altar,Patsy Cline,sad,1995,Pop,https://www.youtube.com/watch?v=iRqHN1NI5Ek
653,Wing,Patti Smith,sad,1996,Rock,https://www.youtube.com/watch?v=Wec7LFuJk0o
654,Wave,Patti Smith Group,sad,1979,Rock,https://www.youtube.com/watch?v=izZuDxb84W0&list=PLvHXfAK0Y6gAbO0PqksNCQilFaJixLsg5
655,Moses,Patty Griffin,sad,1996,Country,https://www.youtube.com/watch?v=KuzgZZVxz9I
656,All Creatures Of Our God And King,Patty Griffin,happy,2010,Country,https://www.youtube.com/watch?v=Lq3UIzQVx_s
657,Inside Job,Pearl Jam,happy,2006,Rock,https://www.youtube.com/watch?v=fUij90kZRUA
658,4/20/2002,Pearl Jam,sad,1993,Rock,https://www.youtube.com/watch?v=q85H-5d27ZE
659,You Are,Pearl Jam,sad,2002,Rock,https://www.youtube.com/watch?v=wzv7OtPL8S4
660,Freeze,Pepper,happy,2008,Rock,https://www.youtube.com/watch?v=LWuVGf8Rm5g
661,Stormtrooper (Live),Pepper,sad,2009,Rock,https://www.youtube.com/watch?v=F0uNoBCQLkI
662,Point And Shoot (Demo),Pepper,happy,2007,Rock,https://www.youtube.com/watch?v=MdlJNqQtsbc
663,Everytime It Rains,Peter Gallagher,sad,2005,Pop,??
664,Soon Come (2002 Digital Remaster),Peter Tosh,happy,1978,Reggae,https://www.youtube.com/watch?v=pnkz_8jjNqA
665,Don't Let Your Heart Be Hardened (This Means War Album Version),Petra,happy,1987,Christian,https://www.youtube.com/watch?v=lP_XNlt8Opk
666,Hollow Eyes (Beat The System Album Version),Petra,sad,1985,Christian,https://www.youtube.com/watch?v=wKjpQA2De-U
667,Leader (Album Version),Phantom Planet,happy,2008,Rock,https://www.youtube.com/watch?v=BMSky6VrM4o
668,After Hours,Phantom Planet,sad,2004,Rock,https://www.youtube.com/watch?v=LPg4hI1OOq4
669,The Meantime,Phantom Planet,happy,2004,Rock,https://www.youtube.com/watch?v=Kd5jIpYQazA
670,Welcome,Phil Collins,happy,2003,Pop,https://www.youtube.com/watch?v=xIkH1g3o4Ks
671,Dance Into The Light (LP Version),Phil Collins,happy,1996,Pop,https://www.youtube.com/watch?v=tZnD6HqCKZI
672,That's What You Said  (LP Version),Phil Collins,sad,1996,Pop,https://www.youtube.com/watch?v=QGEsZfKMn84
673,I Cannot Believe It's True,Phil Collins,sad,1982,Pop,https://www.youtube.com/watch?v=Ff8ooB2I2oY
674,Please Come Out Tonight,Phil Collins,sad,1993,Pop,https://www.youtube.com/watch?v=kv_nZCI85lM
675,Testify,Phil Collins,sad,2002,Pop,https://www.youtube.com/watch?v=7OPpEfyxgxo
676,Everyday,Phil Collins,sad,1993,Pop,https://www.youtube.com/watch?v=xQpsXA36uq4
677,English Summer Rain,Placebo,sad,2003,Rock,https://www.youtube.com/watch?v=TvLrlHl70v8
678,Slave To The Wage,Placebo,sad,2000,Rock,https://www.youtube.com/watch?v=7B4wcjANYjg
679,Hardly Wait,Placebo,sad,2009,Rock,https://www.youtube.com/watch?v=RppIYSNZEU0
680,Amazing (LP Version),Point Of Grace,happy,1998,Christian,https://www.youtube.com/watch?v=VKvOAoVMK2s
681,Waiting,Porcupine Tree,sad,1997,Rock,https://www.youtube.com/watch?v=8Et6L61tq2Q
682,Go To Hell,Prozak,sad,2004,Hip Hop/Rap,https://www.youtube.com/watch?v=FvfZi_ZhDnI
683,This Is Not A Love Song,Public Image Ltd,happy,1983,Rock,https://www.youtube.com/watch?v=Az_GCJnXAI0
684,Forbidden Fruit,Pursuit Of Happiness,sad,1975,Pop,??
685,Hard To Laugh,Pursuit Of Happiness,happy,1988,Pop,https://www.youtube.com/watch?v=EVQ_er14oIA
686,Down On Him,Pursuit Of Happiness,sad,1988,Pop,??
687,No Safe Place,Pursuit Of Happiness,sad,1990,Pop,??
688,I Never Came,Queens Of The Stone Age,sad,2005,Rock,https://www.youtube.com/watch?v=5eIiu1CjrTE
689,Everybody's Gonna Be Happy,Queens Of The Stone Age,happy,2002,Rock,https://www.youtube.com/watch?v=PRMYfdl3_SA
690,So. Central Rain (2006 Digital Remaster),R.E.M.,sad,1984,Rock,https://www.youtube.com/watch?v=msWi0c4tHV8
691,Till There Was You (John Creamer & Stephane K Remix),Rachael Starr,sad,2005,Electronica,https://www.youtube.com/watch?v=V9Pg4f0v3dg
692,Subterranean Homesick Alien,Radiohead,sad,1997,Rock,https://www.youtube.com/watch?v=d1tQFX_9ct0
693,Everything In Its Right Place,Radiohead,sad,2000,Rock,https://www.youtube.com/watch?v=onRk0sjSgFU
694,Again,Radney Foster,sad,2002,Country,??
695,Kick Out The Jams,Rage Against The Machine,happy,2000,Rock,https://www.youtube.com/watch?v=Tfgc3Sf-6yE
696,Can't Happen Here,Rainbow,sad,1981,Rock,https://www.youtube.com/watch?v=0El3Dqk0wfU
697,Meteor Of War (Album Version),Rancid,sad,2000,Rock,https://www.youtube.com/watch?v=HqDOWLGZWZI
698,Down At The Old Corral (Album Version),Randy Travis,happy,1993,Country,https://www.youtube.com/watch?v=5jBCWVlKSQA
699,Wind In The Wire (Album Version),Randy Travis,sad,1993,Country,https://www.youtube.com/watch?v=-OYD442COB4
700,On The Other Hand (Remastered Album Version),Randy Travis,sad,1986,Country,https://www.youtube.com/watch?v=bJhcnKGKRDM
701,Don't Take Your Love Away From Me (Album Version),Randy Travis,sad,1996,Country,https://www.youtube.com/watch?v=jI9CXD1MxBY
702,Follow Your Dreams (The Plan Album Version),Raze,happy,2000,Christian,??
703,Celebration (The Plan Album Version),Raze,happy,2000,Christian,??
704,E,Rea_ Chris,sad,1999,Pop,https://www.youtube.com/watch?v=6Plxk8rd6DQ
705,6 Yrs (Album Version ),Reach 454,sad,2003,Rock,https://www.youtube.com/watch?v=2Zyzx_9756o&list=PLIeRRviu1HMlCvBnxg0SpaqqlsixW3vA9
706,Get On Top (Album Version),Red Hot Chili Peppers,sad,1999,Rock,https://www.youtube.com/watch?v=-0dU9unp17k
707,Naked In The Rain (Album Version),Red Hot Chili Peppers,happy,1991,Rock,https://www.youtube.com/watch?v=OY1ufFfo3tw
708,Venice Queen (Album Version),Red Hot Chili Peppers,happy,2002,Rock,https://www.youtube.com/watch?v=IyzTiSEfM00
709,WKYA (drop),Redman,happy,2001,Hip Hop/Rap,https://www.youtube.com/watch?v=9EApnWwOtwU
710,Jam 4 U,Redman,sad,1992,Hip Hop/Rap,https://www.youtube.com/watch?v=Lr1RlJvp0uU
711,The Second One,Remy Shand,happy,2002,R&B,https://www.youtube.com/watch?v=Ce98wB-Yvqc
712,Pub Pusher,Republica,sad,1998,Rock,https://www.youtube.com/watch?v=1wZ0momXdV0
713,You Move Me,Rick Astley,happy,1987,Pop,https://www.youtube.com/watch?v=OiJaan52A8M
714,Never Gonna Give You Up,Rick Astley,happy,1987,Pop,https://www.youtube.com/watch?v=dQw4w9WgXcQ
715,Skeletons (Live Acoustic Version),Rickie Lee Jones,sad,1981,R&B,https://www.youtube.com/watch?v=jymywc4A1Cc
716,Love Is Gonna Bring Us Back Alive,Rickie Lee Jones,happy,1989,R&B,??
717,It Must Be Love (Live Acoustic Version),Rickie Lee Jones,happy,1984,R&B,https://www.youtube.com/watch?v=f61Qa8bIHIU
718,Away From The Sky,Rickie Lee Jones,sad,1989,R&B,https://www.youtube.com/watch?v=GGgQWdfO1nI
719,See That Girl,Righteous Brothers,sad,1965,Pop,https://www.youtube.com/watch?v=K24n0c5fN6I
720,Little Latin Lupe Lu,Righteous Brothers,happy,1975,Pop,https://www.youtube.com/watch?v=KQNxze-Sdkg
721,Don't Stop The Music,Rihanna,happy,2007,R&B,https://www.youtube.com/watch?v=yd8jh9QYfEs
722,Good Girl Gone Bad,Rihanna,happy,2007,R&B,https://www.youtube.com/watch?v=yb_aa8n2mQE
723,Music Of The Sun,Rihanna,happy,2005,R&B,https://www.youtube.com/watch?v=oEauWw9ZGrA&list=PLiHuCeLljaXH0eUAqqnn8ooA1TCynAM6l
724,The Hotness (ft. Shontelle),Rihanna,happy,2006,R&B,https://www.youtube.com/watch?v=4j1OxHWOAos
725,We Ride,Rihanna,sad,2006,R&B,https://www.youtube.com/watch?v=jlvY1o6XKwA
726,Breakin' Dishes,Rihanna,sad,2007,R&B,https://www.youtube.com/watch?v=79ColY1oIaU
727,Good Girl Gone Bad,Rihanna,sad,2007,R&B,??Same as 722
728,Amber Changing,Rise Against,happy,2003,Rock,https://www.youtube.com/watch?v=iKJIIbVWEKc
729,Everchanging,Rise Against,sad,2001,Rock,https://www.youtube.com/watch?v=PQ-1F-JG400
730,State Of The Union,Rise Against,sad,2004,Rock,https://www.youtube.com/watch?v=pH20zsVxxV0
731,Drones,Rise Against,sad,2006,Rock,https://www.youtube.com/watch?v=94vo6NzQD5c
732,I Got Over It (Album Version),Robben Ford,happy,1988,Blues,https://www.youtube.com/watch?v=yTzRYls1xEQ&list=PLUdmMccuxH2GuY_YgNyZeLCTIJczJYfZV
733,Something For The Pain,Robben Ford,sad,2002,Blues,https://www.youtube.com/watch?v=RrmHpcOZi-8
734,Man Smart Woman Smarter,Robert Palmer,happy,1992,Pop,https://www.youtube.com/watch?v=hGysgLckhm4
735,All For The Sake Of The Song,Roger Creager,sad,2003,Country,
736,Lost,Roger Sanchez,sad,2006,Electronica,https://www.youtube.com/watch?v=KjsDHxGGP60
737,Crawl Before You Ball (Album Version),Saafir,sad,1999,Hip Hop/Rap,https://www.youtube.com/watch?v=DZnni708UY0
738,Smooth Operator,Sade,happy,1983,R&B,https://www.youtube.com/watch?v=cA9gUspn6gc
739,Morning Bird,Sade,sad,2010,R&B,https://www.youtube.com/watch?v=sS9tTCzKigU
740,All About Our Love,Sade,sad,2000,R&B,https://www.youtube.com/watch?v=wquJ5oXf-Vc
741,From My Hands,Salt The Wound,sad,2009,Rock,https://www.youtube.com/watch?v=j3fKTwikJtg
742,Wounded Hearts,Sandi Thom,happy,2008,R&B,https://www.youtube.com/watch?v=HyX76_Brtmk
743,When Horsepower Meant What It Said,Sandi Thom,happy,2006,R&B,https://www.youtube.com/watch?v=62b1hrrKL_Y
744,Let It Shine,Santana,happy,1976,Rock,https://www.youtube.com/watch?v=qa9fp9DlMGI
745,Persuasion,Santana,happy,1969,Rock,https://www.youtube.com/watch?v=qKXBH7gWWu8
746,Interplanetary Party,Santana,happy,2007,Rock,https://www.youtube.com/watch?v=rXo30XrKjAk
747,Bury Your Head,Saosin,sad,2005,Rock,https://www.youtube.com/watch?v=xKVYCGuq0ok
748,Owner Of My Heart (Album Version),Sasha,sad,2006,Pop,https://www.youtube.com/watch?v=p2NGs0tVQw0
749,You Can Still Be Free,Savage Garden,sad,1999,Pop,https://www.youtube.com/watch?v=dtQ7n_wG_pE
750,The Illusionist,Scar Symmetry,happy,2006,Rock,https://www.youtube.com/watch?v=e7X7HpcqM3s
751,Abstracted,Scar Symmetry,sad,2006,Rock,https://www.youtube.com/watch?v=lLLX7C6BCPQ
752,The Date ( LP Version ),Scott Weiland,sad,1998,Rock,https://www.youtube.com/watch?v=kKGeLFb7ujw
753,Prayer For The Dying (Album Version),Seal,sad,1994,R&B,https://www.youtube.com/watch?v=5Ji3goFLo_M
754,The Beginning (Giro E Giro Mix),Seal,happy,1991,R&B,https://www.youtube.com/watch?v=nG4Izkgr7gY
755,If I Run,Semisonic,happy,1993,Rock,https://www.youtube.com/watch?v=AA7g5xTpgV8
756,summer jam,Set Your Goals,happy,2009,Pop,https://www.youtube.com/watch?v=qnelDfZhbbc
757,Hammer & a Stone,Seven Mary Three,sad,2008,Rock,https://www.youtube.com/watch?v=Cz9y1lAYdIM
758,Famous One,Seventh Day Slumber,happy,2009,Christian,https://www.youtube.com/watch?v=sghVrfqqUmY
759,Shattered Life,Seventh Day Slumber,sad,2005,Christian,https://www.youtube.com/watch?v=-OSqb2Sg2KU
760,God Save the Queen (Live),Sex Pistols,happy,1988,Rock,https://www.youtube.com/watch?v=S1O0m9UXAwk
761,New York (Dave Goodman Demo Version) (Explicit),Sex Pistols,happy,1977,Rock,
762,Seventeen,Sex Pistols,happy,1977,Rock,
763,We Who Finish Last,Shai Hulud,sad,2008,Rock,
764,Pienso En Ti,Shakira,sad,1995,Pop,
765,Did It Again (featuring Kid Cudi),Shakira,sad,2009,Pop,
766,Poem To A Horse,Shakira,sad,2001,Pop,
767,Donde Estas Corazon,Shakira,happy,1997,Pop,
768,For Tomorrow (live),Shaman,happy,2003,Rock,
769,Raining On Our Love,Shania Twain,sad,1995,Country,
770,Two Hearts One Love,Shania Twain,happy,1999,Country,
771,Another Long One,Shawn Colvin,sad,1989,Rock,
772,Sunny Came Home,Shawn Colvin,sad,1996,Rock,
773,These Four Walls,Shawn Colvin,sad,2006,Rock,
774,Old Times Sake,Shelby Lynne,sad,2005,Country,
775,Consume (LP Version),Sick Of It All,sad,1994,Rock,
776,Master Of The Universe,Sick Puppies,sad,2009,Rock,
777,Cicada,Silverchair,happy,1995,Rock,
778,Suicidal Dream,Silverchair,sad,1995,Rock,
779,Always And Never (Album Version),Silverstein,sad,2005,Rock,
780,FRIENDS IN FALL RIVER  (LP Version),Silverstein,happy,2006,Rock,
781,BLEEDS NO MORE (Live Version),Silverstein,sad,2006,Rock,
782,MY CONSOLATION (LP Version),Silverstein,sad,2006,Rock,
783,Defend You (Album Version),Silverstein,sad,2005,Rock,
784,Old Friends,Simon & Garfunkel,sad,1968,Rock,
785,Careful In Career,Simple Minds,sad,1981,Rock,
786,Chelsea Girl (Live),Simple Minds,happy,2004,Rock,
787,See The Lights (2002 Digital Remaster),Simple Minds,sad,1991,Rock,
788,So Not Over You (Motivo-Pop Lectro Mix),Simply Red,sad,2007,Pop,
789,Into A Swan,Siouxsie,happy,2007,Rock,
790,She's About A Mover,Sir Douglas Quintet,happy,1999,Rock,
791,Walls And Cannonballs (Album),Sister Hazel,happy,2010,Rock,
792,Space Between Us (Album Version),Sister Hazel,happy,1994,Rock,
793,Come Around (Acoustic),Sister Hazel,happy,1994,Rock,
794,Vacation Rain (Album),Sister Hazel,happy,2010,Rock,
795,Concede,Sister Hazel,sad,1997,Rock,
796,He Says The Same Things To Me,Skeeter Davis,sad,1963,Country,
797,Foggy Mountain Top,Skeeter Davis,happy,1963,Country,
798,Sacrifice for the Slaughtergod,Skeletonwitch,sad,2007,Rock,
799,Searching For Home,Skrape,sad,2003,Rock,
800,Street Car Blues,Sleepy John Estes,sad,1930,Blues,
801,Kill Niggaz,Slick Rick,sad,1999,Hip Hop/Rap,
802,Indian Love Call,Slim Whitman,sad,1990,Country,https://www.youtube.com/watch?v=HBuk1HXcz1k
803,Gently (Album Version),Slipknot,sad,1996,Rock,
804,Skin Ticket (Live version) (Album Version),Slipknot,sad,2001,Rock,
805,CB4,Slum Village,sad,2000,Hip Hop/Rap,
806,Itchycoo Park,Small Faces,happy,1967,Rock,
807,Chocolate,Snow Patrol,sad,2003,Rock,
808,Half The Fun,Snow Patrol,sad,2004,Rock,
809,Shut Your Eyes,Snow Patrol,happy,2006,Rock,
810,Chasing Cars,Snow Patrol,sad,2006,Rock,
811,Spitting Games,Snow Patrol,sad,2003,Rock,
812,New Sensation,Snow Patrol,sad,2009,Rock,
813,Lies Of Hate,Soul Asylum,sad,1998,Rock,
814,Someday (Immune Album Version),Soul Embraced,sad,2003,Christian,
815,Soul Simplicity,Soulwax,happy,1996,Electronica,
816,Kill Your Darlings,Soulwax,sad,1996,Electronica,
817,Love Dump (Clean Album Version),Static-X,sad,1999,Rock,
818,Night Terrors (Album Version),Static-X,sad,2005,Rock,
819,I Give Up (Album Version),Stellar Kart,sad,2008,Pop,
820,Mind Control,Stephen Marley,sad,2005,Reggae,
821,Brother,Steve Vai,sad,1996,Rock,
822,Crossfire,Stevie Ray Vaughan,happy,1992,Blues,https://www.youtube.com/watch?v=ZPBRzwIjgv4
823,Mary Had A Little Lamb,Stevie Ray Vaughan And Double Trouble,happy,1988,Blues,
824,Oh My God,Sticky Fingaz,sad,2000,Hip Hop/Rap,
825,Swallow The Knife (Live) (Segue),Story Of The Year,sad,2005,Rock,
826,Meathead (Album Version) (Non-PA),Story Of The Year,happy,2005,Rock,
827,Night Falls (The Weight Of It),Strata,sad,2007,Rock,
828,James (Hold The Ladder Steady),SUE THOMPSON,happy,1985,Country,https://www.youtube.com/watch?v=laEwOj5qXNo
829,Mean Machine (Remastered LP Version),Sugar Ray,happy,2005,Rock,
830,Gone,Sugarbomb,happy,2001,Pop,
831,Human Guinea Pig,Suicidal Tendencies,sad,1987,Rock,
832,Two-Sided Politics,Suicidal Tendencies,sad,1987,Rock,
833,It's Going Down,Suicidal Tendencies,sad,1992,Rock,
834,Monopoly On Sorrow,Suicidal Tendencies,sad,1992,Rock,
835,Looking In Your Eyes,Suicidal Tendencies,sad,1987,Rock,
836,Perfect Motion,Sunscreem,happy,1992,Pop,
837,Airheads,Sweet,happy,2002,Rock,
838,Sympathy,Sylver,sad,2004,Pop,
839,Streamline,System of a Down,sad,2001,Rock,
840,War?,System of a Down,sad,1996,Rock,
841,Catholic Knees (Album Version),Taking Back Sunday,sad,2009,Rock,
842,I Am Fred Astaire (Album Version),Taking Back Sunday,happy,2004,Rock,
843,Black Diamond,Taking Dawn,sad,2010,Rock,
844,Everything Man (Album Version),Talib Kweli,sad,2007,Hip Hop/Rap,
845,Papa Legba (2005 Digital Remaster),Talking Heads,sad,1986,Rock,
846,Stand By Your Man,Tammy Wynette,sad,1968,Country,
847,Welcome To My World (Live),Tammy Wynette,happy,2000,Country,
848,I Stayed Long Enough,Tammy Wynette,happy,1968,Country,
849,It Is No Secret (What God Can Do),Tammy Wynette,happy,1969,Country,
850,No Matter How She Done It,Tampa Red,happy,1974,Blues,
851,Walk Away,Tantric,happy,2009,Rock,
852,Light,Teena Marie,sad,1984,R&B,
853,Playboy,Teena Marie,happy,1983,R&B,
854,Caught In A Dream,Tesla,happy,2004,Rock,https://www.youtube.com/watch?v=-Tgtl5FOGNY
855,Snowball,Test Icicles,sad,2005,Pop,
856,The Future Has Arrived,The All American Rejects,happy,2007,Pop,
857,Stairs To the Attic,The Antlers,happy,2007,Pop,
858,The Hero Dies in This One,The Ataris,sad,2003,Rock,
859,I Won't Spend Another Night Alone,The Ataris,happy,1999,Rock,
860,Whatever Lies Will Help You Rest,The Ataris,sad,2006,Rock,
861,Make It Last,The Ataris,sad,1997,Rock,
862,Deform (live),The Berzerker,sad,2000,Rock,https://www.youtube.com/watch?v=YEKE79X1JyY
863,Pure Hatred,The Berzerker,sad,2002,Rock,
864,Nonfiction,The Black Crowes,happy,1994,Rock,
865,Girl From A Pawnshop,The Black Crowes,sad,1996,Rock,
866,Neon Rainbow,The Box Tops,happy,1967,Rock,
867,Iron Man,The Cardigans,sad,1996,Rock,
868,Marvel Hill,The Cardigans,sad,1998,Rock,
869,Explode,The Cardigans,sad,1998,Rock,
870,Lose This Skin,The Clash,sad,1980,Rock,
871,Chains (LP Version),THE COOKIES,happy,1962,R&B,
872,Lost,The Cure,sad,2004,Rock,
873,Setting Fire to Sleeping Giants,The Dillinger Escape Plan,happy,2004,Rock,https://www.youtube.com/watch?v=K4yxREs-mRM
874,Oh Serena,The Distillers,sad,2000,Rock,
875,Strange Days ( LP Version ),The Doors,sad,1967,Rock,
876,Creeper Kamikaze,The Exies,happy,2003,Rock,
877,Why Get Up,The Fabulous Thunderbirds,sad,1986,Blues,
878,Vienna,The Fray,sad,2002,Pop,
879,Absolute,The Fray,sad,2009,Pop,
880,Da Shit,The Game,sad,2006,Hip Hop/Rap,
881,Scream On Em,The Game,sad,2006,Hip Hop/Rap,
882,Gaya's Dream,The Gathering,sad,2001,Rock,
883,Forming,The Germs,sad,1977,Rock,https://www.youtube.com/watch?v=SHMUvS4fCls
884,The Luck You Got,The High Strung,happy,2005,Pop,
885,The Modern World,The Jam,sad,1977,Rock,
886,Start!,The Jam,sad,1980,Rock,
887,Hoochie Coochie Man,The Jeff Healey Band,happy,1989,Blues,
888,Spaceman,The Killers,sad,2008,Rock,
889,Show You How,The Killers,sad,2004,Rock,
890,A White Demon Love Song (Soundtrack Album Version),The Killers,sad,2009,Rock,
891,A Dustland Fairytale,The Killers,sad,2008,Rock,
892,Pictures To Prove It,The Mighty Mighty Bosstones,sad,1994,Ska,
893,The Haunting,The Misfits,sad,1997,Rock,
894,Who Shot Ya (Amended Album Version),The Notorious B.I.G.,sad,2007,Hip Hop/Rap,
895,Eoarchaean,The Ocean,sad,2007,Rock,
896,Snowdrops,The Pineapple Thief,sad,2006,Rock,
897,Boxing Day,The Pineapple Thief,happy,2006,Rock,
898,Wrapped Around Your Finger,The Police,sad,1983,Rock,
899,Voices Inside My Head,The Police,sad,1980,Rock,
900,Man In A Suitcase,The Police,happy,1980,Rock,
901,Yippiyo-Ay,The Presets,happy,2008,Electronica,
902,If I Know You,The Presets,sad,2008,Electronica,
903,What Evil Lurks,The Prodigy,sad,1991,Electronica,
904,Firestarter,The Prodigy,sad,1996,Electronica,
905,Killing,The Rapture,sad,2003,Pop,
906,Nubia (LP Version),The Rascals,happy,1969,Rock,
907,Losing True (Album Version),The Roches,sad,1982,Rock,
908,Angie (1993 Digital Remaster),The Rolling Stones,sad,1973,Rock,https://www.youtube.com/watch?v=dw8OxS3A4h4
909,Time Is On My Side,The Rolling Stones,happy,1964,Rock,
910,Fortune Teller,The Rolling Stones,happy,1963,Rock,
911,Stop Breaking Down (1994 Digital Remaster),The Rolling Stones,happy,1972,Rock,
912,(The Best Part Of) Breakin' Up,The Ronettes,happy,1964,R&B,
913,Out in the Streets,The Shangri-Las,happy,1965,Pop,
914,Will You Love Me Tomorrow,The Shirelles,happy,1960,R&B,
915,Real Love,The Smashing Pumpkins,happy,2000,Rock,
916,T.V. Eye (Take 3),The Stooges,happy,1999,Rock,
917,It Only Takes Two To Tango,The Stranglers,happy,1981,Rock,
918,Between Love & Hate,The Strokes,sad,2003,Rock,
919,Your Silence,The Suicide Machines,sad,2003,Rock,
920,I Heard Her Call My Name,The Velvet Underground,happy,1968,Rock,
921,Medicate Myself,The Verve Pipe,sad,2001,Rock,
922,A Martyr For My Love For You,The White Stripes,happy,2007,Rock,
923,The Question Is (Album Version),The Winans,sad,1981,Christian,
924,One Of Our Submarines,Thomas Dolby,sad,1982,Pop,
925,Screen Kiss,Thomas Dolby,happy,1984,Pop,
926,The Earth Isn't Humming,Thrice,sad,2008,Rock,
927,Red Sky,Thrice,sad,2005,Rock,
928,All That's Left,Thrice,sad,2003,Rock,
929,Easy or Not (Album Version),To My Surprise,happy,2003,Rock,
930,Revelations:  Visions In A Dream,Tom Cochrane,sad,2004,Rock,
931,Washed Away,Tom Cochrane,happy,1992,Rock,
932,A Higher Place (Album Version),Tom Petty,sad,1994,Rock,
933,Wildflowers (Album Version),Tom Petty,happy,1994,Rock,
934,Mary Jane's Last Dance,Tom Petty And The Heartbreakers,happy,1993,Rock,
935,Sho' Enough,Tommy Castro,happy,1996,Blues,
936,Crimson And Clover,Tommy James & The Shondells,happy,1969,Rock,
937,Burning Skies,Tones On Tail,sad,1987,Rock,
938,He Wasn't Man Enough,Toni Braxton,happy,2000,R&B,
939,Best Friend,Toni Braxton,sad,1993,R&B,
940,Where Do I Fit,Tonic,sad,2010,Rock,
941,If I Ever Saw A Good Thing (Album Version),Tony Joe White,happy,1973,Rock,
942,Walking To Jerusalem,Tracy Byrd,happy,1996,Country,
943,We Will Glorify (Key-B-Db-Premiere Performance Plus),Twila Paris,happy,1991,Christian,
944,Come Emmanuel (House Of Worship Album Version),Twila Paris,happy,2003,Christian,
945,The Day After (featuring Syleena Johnson) (Explicit Chopped & Screwed Version),Twista,sad,2005,Hip Hop/Rap,
946,It Feels So Good (Album Version),Twista,happy,1997,Hip Hop/Rap,
947,Warm Embrace (LP Version),Twista & The Speedknot Mobstaz,happy,2008,Hip Hop/Rap,
948,The Sweep,Two Man Advantage,happy,2001,Rock,
949,New York,U2,sad,2000,Rock,
950,Vertigo,U2,happy,2004,Rock,
951,Chains Chains (Live In Hammersmith),UFO,sad,1981,Rock,
952,Out In The Street (Live In Cleveland_ Ohio),UFO,happy,1975,Rock,
953,Out In The Street,UFO,happy,1975,Rock,
954,Cherry,UFO,happy,1978,Rock,
955,Brokÿn Nëedle,Ultimate Fakebook,happy,2000,Rock,
956,Crackbabies,Urge Overkill,sad,1993,Rock,
957,Wake The Sleeper,Uriah Heep,sad,2008,Rock,
958,Ghost of the Ocean (Live),Uriah Heep,sad,2008,Rock,
959,Panama (Remastered Album Version),Van Halen,happy,1984,Rock,https://www.youtube.com/watch?v=vFwzG3ErLuc
960,Can't Stop Lovin' You (Remastered Album Version),Van Halen,happy,1995,Rock,
961,Panama (Album Version),Van Halen,happy,2003,Rock,
962,Runaround (Live Version),Van Halen,happy,1991,Rock,
963,Teenage Superstars (Album),Vaselines,sad,1992,Rock,
964,The Melting Moon (Edit),VHS Or Beta,happy,2004,Electronica,
965,You Got Me (The Juan Maclean Dub),VHS Or Beta,happy,2006,Electronica,
966,American Dream,Vixen,happy,1988,Rock,
967,One Night Alone,Vixen,happy,1988,Rock,
968,Part Of Me (LP Version),Vonray,sad,2003,Rock,
969,Cherry Pie,Warrant,happy,1990,Rock,
970,Bed Of Roses,Warrant,happy,1990,Rock,
971,Shadow,Warren Barfield,happy,2006,Christian,
972,Bucket's Got A Hole In It,Washboard Sam,happy,1994,Blues,
973,Somebody Sing,Wayne Watson,happy,2002,Christian,
974,Haunt Me (Album Version),Wednesday 13,sad,2005,Rock,
975,Don't Let Go,Weezer,happy,2001,Rock,
976,Edge Of The Dream (Emergency Broadcast Album Version),White Heart,happy,2000,Christian,
977,Hold On,White Heart,happy,1982,Christian,
978,Speed Of Sound (Emergency Broadcast Album Version),White Heart,happy,2005,Christian,
979,Young Blood (2007 Digital Remaster),Whitesnake,happy,1982,Rock,
980,Fool For Your Loving,Whitesnake,sad,1980,Rock,
981,Love Ain't No Stranger (2003 Digital Remaster),Whitesnake,happy,2003,Rock,
982,Don't Mess With Me (2006 Digital Remaster),Whitesnake,happy,1978,Rock,
983,The Monkey King,William Orbit,sad,1993,Electronica,
984,Spanish Grease,Willie Bobo,sad,1997,Jazz,https://www.youtube.com/watch?v=JPSq_Tla1FY
985,When,Wilshire,sad,2003,Pop,
986,Origins And Endings,Winds Of Plague,sad,2008,Rock,
987,White Feather,Wolfmother,happy,2009,Rock,
988,Dimension,Wolfmother,happy,2004,Rock,
989,Heaven's In New York,Wyclef Jean,happy,2007,Hip Hop/Rap,
990,Something About Mary,Wyclef Jean,happy,2000,Hip Hop/Rap,
991,Guantanamera,Wyclef Jean,happy,1997,Hip Hop/Rap,
992,Motel Room In My Bed (LP Version),X,happy,1982,Rock,
993,Contagious,Y&T,happy,1987,Rock,
994,Mean Streak,Y&T,sad,1983,Rock,
995,One Year_ Six Months,Yellowcard,sad,2003,Rock,
996,Ammonite,Zeromancer,sad,2009,Rock,
997,Mosquito Coil,Zeromancer,sad,2003,Rock,
998,The Death Of Romance,Zeromancer,sad,2010,Rock,
999,What's True,Ziggy Marley And The Melody Makers,happy,1988,Reggae,
1000,I Want It,Zombie Girl,sad,2006,Rock,
